temperature_c,pressure_psi,speed_rpm,viscosity_pas,hours_since_maintenance,cycle_time_s,quality_score
154.96714153011231,56.99677718293001,966.2410862512809,11.184384884245219,242.50899376202062,29.54964914623858,90.25504688288108
148.61735698828815,54.62316841456384,992.7740664642241,13.279229978440997,42.70151508136083,26.20798149615791,95.47763738439318
156.47688538100692,50.29815184960087,960.3790039500019,14.172788933156712,486.2306950139511,31.458554374685818,97.38599506101765
165.23029856408024,46.76531611147213,984.601923518048,18.77537531468038,259.00521568804896,24.15188473403273,71.9850524467108
147.65846625276663,53.49111656806795,905.3192666523107,16.113106249067517,307.0931221595057,23.8489276281474,82.75833138130763
147.6586304305082,51.96742692710875,1010.6646853686469,12.329036861800217,118.30489135375366,32.2175414841047,93.55438337586983
165.79212815507393,54.47596610013866,1000.0602737681112,15.972072578835274,241.7490425534019,31.52106081640607,78.12622655013084
157.6743472915291,53.175859008409844,959.1455684465905,11.90539202212327,214.57474597916092,29.82781390477789,90.3338762603462
145.30525614065047,55.247763576596675,1032.9622834216202,17.165382107774146,37.44792100099187,25.813654485734784,89.643512580786
155.42560043585965,47.32382394219716,1046.878506881328,14.057750696364243,53.08017677373361,27.876267177977773,98.43162267425241
145.36582307187538,56.58697032817163,919.6220067815512,14.812727622521658,418.73625980938726,29.211759756940488,85.67529685393907
145.34270246429742,50.987998023462,961.8637610716893,17.651593295084382,119.90997610329512,25.21231809427766,89.48967336036368
152.41962271566035,60.37630436312632,961.5428825106351,12.425672862831501,97.47913574931528,27.782914025930303,86.70749332370511
130.86719755342202,46.55406090955216,953.0048449445568,12.205763629774017,252.45572562506962,31.95699101453004,46.9524942925173
132.75082167486968,58.67981901582625,1041.4737420965873,13.83280134730799,384.3735656812565,34.28191609286765,57.734229481839265
144.37712470759027,50.98955391731324,990.3086930613598,17.076757702038634,30.97325928949396,28.741695742024348,92.30327694409213
139.87168879665577,46.74290998192776,986.7742579344695,11.961307849046316,288.4039598191279,32.26946506294829,81.16996409226927
153.14247332595275,47.580570829728394,899.8068817796623,9.335688803778861,59.60522142028668,24.257819788237597,81.81987470444838
140.91975924478788,48.3982634590284,1031.7709015104613,14.097682283182003,18.23052541280923,31.978353723340835,86.07638342613633
135.87696298664707,52.12082973200958,938.0370802573264,16.10348159982184,26.371976081108695,27.588154755817555,67.3299542581953
164.65648768921554,52.6141774401775,1002.9966315133164,17.400523499477657,417.0820541042207,30.92203685012391,73.56311068221254
147.74223699513465,47.131499980307105,1013.8688468979096,14.073677275829201,58.986241814030784,29.25674274528087,97.79814199158945
150.67528204687923,49.87822703869509,1068.0329297919325,14.177146785767995,22.575682206145974,33.9612420293515,91.57328381790516
135.75251813786542,60.71135179305932,934.5589800440443,17.307801468511496,218.94994357145615,27.376693054980244,61.01332655032635
144.55617275474816,58.637715850503554,849.0243922089587,11.260516600609158,421.9967359710124,31.882818892685492,58.877718319740524
151.10922589709867,52.18161834837016,1009.1924772376848,14.222958449633982,131.20418824465096,29.1614776101104,97.73275175851386
138.49006422577696,50.190017390841,1090.0255590755428,15.380847779850116,210.85630876295818,29.52508356597101,71.51807011337392
153.75698018345673,50.600156633591304,1061.947317646972,15.898437442570069,19.961266281875613,29.44843832052237,95.9915526669568
143.99361310081196,53.06758986365208,1010.4829707637313,13.980386613618235,224.53925706743794,27.46298068651766,87.9395318771887
147.08306250206724,44.886037174007974,975.4181907183977,15.068882023411682,288.8065403185668,29.957703102279986,94.61370878965607
143.98293387770602,48.71311731288328,1040.3561298318655,10.023345293174021,285.4535268760724,29.812055333634536,82.6772806706577
168.52278184508938,41.65707963061205,951.3226900147765,13.683503175332303,166.21334608718257,30.723720745220188,60.55569711976815
149.86502775262065,51.9961156130264,1023.8178884678109,15.907017425108934,157.76659033156776,30.253515437078587,96.9606093506846
139.42289071044098,53.2359796985137,1025.2735079583313,13.035411931490641,53.31180946829895,32.39398364883671,81.48349722321502
158.2254491210319,47.58406768850313,1053.010495374944,15.117968443179194,183.3991603231342,32.77052584814211,90.44765863128356
137.79156350028978,57.869933816450164,1137.983001945554,15.893745001605396,49.747334436482326,26.848130034516597,59.48653187483801
152.08863595004755,43.8711716849883,1019.6207983589384,14.31490159828447,383.2979723560258,32.60631750177231,91.99419052830508
130.40329876120225,42.6781255989509,974.551818714625,15.340927541993143,483.13714887409293,26.440990718670438,42.887448190420685
136.7181395110157,51.12225909279986,998.7212843904002,13.074534869430776,485.0372283333534,31.763567664413205,68.53485019131948
151.96861235869125,55.23549151306077,911.5462047555441,14.586777440607907,432.5355496876969,31.859216354108607,88.2147905576309
157.3846657999541,58.419638457289345,965.2643434455471,16.220432339178444,300.39607466980954,24.26604932501249,86.92036717240383
151.7136828118997,47.7055786856553,979.5358780943448,15.313945921936869,350.43284862193997,30.27893773958823,94.65848439614535
148.8435171761176,55.393404167156476,973.7955801032704,13.826937460872129,142.60290134020704,28.594511659919053,91.64375669544563
146.98896304410712,49.80745765249647,1007.6177436016861,15.448432808581586,315.38521008631034,27.723704226193874,96.53641463005692
135.21478009632574,49.1368635002959,958.87900338089,16.429219581273237,227.82477471993872,34.05255699209702,63.176675818924494
142.8015579160529,54.41829968743336,1056.0515333662236,10.900117442845044,241.00866988846624,28.038962578087745,80.47383640133607
145.39361229040213,53.261614392067095,1000.0103532459099,17.318148129911794,378.88828018757897,27.58086921264585,90.64764374613851
160.57122226218917,42.11803921507875,999.5349839430693,14.327490522637856,140.95917779862583,30.227084820015282,84.81041909784199
153.43618289568462,57.38270174862948,983.6052641743541,15.850979866480461,159.01980584725993,32.05676923889525,92.34292549380721
132.36959844637266,56.90045677073726,1007.759534192949,17.394493847290455,462.32089556431833,29.57505424196962,49.627871440562345
153.24083969394795,46.87218649245235,1041.2549132333818,12.256652605539069,28.11214742548612,33.49911163700776,95.72342482323681
146.14917719583684,51.979017667187044,956.643489214455,13.581117995144908,242.8171492066702,31.592926985892273,90.4741455958001
143.2307799969404,52.47015093141369,967.0941755462371,14.42290260824859,456.4004002039309,23.46536604080571,88.07300138768385
156.1167628884087,51.303368829119535,984.8136985611668,13.432492957751144,305.1815039090785,28.411599109478974,92.28575837359364
160.30999522495952,47.2484742307729,932.7064538263393,18.469873151673617,273.20353710606605,28.3144737019449,80.59523805382652
159.31280119116198,46.641883160309746,959.0371070139252,13.286455812346414,124.8720896146776,31.43808286028827,88.85111434801443
141.60782476777362,49.87222964504277,976.188956322767,13.888906441026267,171.63774453222413,22.125548830877666,80.8919982587019
146.90787624148786,55.86364509629682,1043.7194590356364,15.408778063205954,426.02420790234646,37.647029126153164,83.23111018008504
153.31263431403565,52.71800077297216,1013.1280664500963,12.595700947847822,279.6090658842291,31.59307828468263,96.52642979486086
159.7554512712236,48.14692833956947,1009.6794955683772,14.208638576487472,257.37109687838995,30.446630411753073,88.8085178267756
145.2082576215471,53.85849355324172,1042.5448981083987,15.63490652250035,49.78985677001446,33.54470314925744,88.57041061699687
148.14341023336183,35.75728689684962,993.1314105800302,14.334279191234977,8.01407822756156,37.03096215843787,78.13982889184152
138.9366502599397,55.74382850186052,1019.5232424964445,14.813226282200104,481.8425943435246,32.61223993376521,71.47360600576093
138.0379337591933,41.301431106109504,994.8389123533752,13.941335775103258,188.49308364342082,32.84643928941486,71.82087734712738
158.12525822394198,48.18779529298434,1013.2681174699815,11.971059381638465,301.60653104975216,30.392070073393146,90.20835937865674
163.56240028570824,44.40165052686928,970.8620671194209,15.643186422678477,39.85753659364249,29.575422739899157,81.8429462815282
149.27989878419666,43.52659262139547,878.0591420861786,18.509866143294484,341.5571428615233,28.572613667985298,78.00160613939858
160.03532897892023,55.8041339368926,993.2860418906848,15.036803261566876,466.28335435298044,27.521664024856374,89.52302750148364
153.61636025047633,47.661493993440544,1071.137406804997,15.4505282344951,287.8326264987098,27.938957700901508,90.10760927557783
143.54880245394875,51.73251940865358,1046.3107701120796,16.38544551023372,63.057661187705285,25.94833210697105,84.44229737901865
153.61395605508415,49.76539710560408,1048.2698742295586,12.461339006906602,290.86076373673836,29.77238564794493,91.99716300137135
165.38036566465968,52.385204136115604,1061.8065360903108,18.40502931625921,383.1736065523262,24.945997268320838,68.2760758961248
149.64173960890048,50.38410945530128,1004.4328795480719,15.404657592845604,203.20826828700933,30.572749572431132,95.9933379453492
165.64643655814007,43.58503887905715,1009.8657853702798,18.263713798178216,439.9188739707339,29.891008175872976,70.60488076367845
123.80254895910255,54.9813340972357,969.1174052282825,13.533934008952022,324.3414766786822,30.440805895160064,40.0
158.21902504375223,47.531217084193436,984.1963571986475,18.636123845115648,449.62445914460125,28.433605289940022,87.12202849346029
150.87047068238172,42.21709050670125,1030.788557488557,16.550310988069565,311.7526556236686,39.23058111054151,81.67784177182182
147.00992649534132,47.85942419517044,1060.1942218584409,16.10608017170472,65.64398600241212,34.08034770054094,91.24401022962152
150.91760776535503,57.503798953171554,993.02768621595,15.468048908706296,154.84585555259457,26.26637249974583,95.45372699340115
130.12431085399106,54.251108710567465,977.4905367574294,14.5029427638511,100.89747412622846,30.698604262280696,48.181778224497116
147.80328112162488,48.2567393279607,1000.0263979428298,17.401063316947745,454.41324885843113,28.17598157118803,94.3747532431665
153.57112571511746,48.25371147840786,1030.0603374464558,15.280719739696094,380.20003364374134,26.956560819877758,91.76828962026346
164.77894044741515,48.391824743913084,927.8072591933229,11.065860592825695,338.19918445500304,25.979783786628197,66.78864988321561
144.81729781726352,60.383739917804206,885.1909523431381,12.765627076585995,150.48315981581084,31.29665007227776,75.34714270068714
141.91506397106812,51.90967726115777,972.4731575254208,14.628308495614505,92.02238602510675,27.955859294791278,86.02978167040614
144.98242956415464,52.15020823595535,938.964378704292,15.61999796633111,378.2255439944559,32.903478072075615,87.22430401595575
159.15402117702075,55.151417270159214,974.5929901176345,14.886823022200208,237.07897293953982,32.981346643591316,85.30523716297989
153.28751109659686,51.19394579513257,992.6109840591264,17.437941579587328,112.89477607531457,34.12174315563435,98.54612884148202
144.7023979623296,48.704789270896484,977.3375795488494,11.09779627192275,308.31098908263755,27.44283970177769,88.45964679381454
155.13267433113356,49.01825075457511,1072.6233767235371,15.28717587301032,20.166926069225987,31.42609683207603,90.12562223031797
150.9707754934804,49.64199370292968,1016.337238230116,11.364041549225691,163.08512706412677,31.8973626499269,91.94251249136721
159.68644990532889,49.813888817450795,1015.0237179805414,16.519424590968338,234.27849729556732,28.577465474688104,94.1334498666008
142.97946906122647,53.6381477181849,1031.11035720217,14.811082571115994,73.97916705470293,27.684684127821374,87.7893984685417
146.72337853402232,50.2597294290365,943.0583441109616,15.839219944048237,492.32723879541976,34.82856199732792,84.88197318465991
146.0789184686784,53.6632003860779,1051.9555893710135,13.272234078820468,104.54868229480712,30.68248762719616,87.2188593051825
135.36485051867882,49.596417099457085,996.211785673227,17.5589298633155,65.17656502163277,31.907903252135213,69.18737140524574
152.96120277064577,50.39317595158045,1033.5240308620607,17.083449328117702,101.7674369434482,27.53377196451622,95.81584261486942
152.61055272179888,40.00899657733946,946.4071383479923,16.167088606023775,384.5305665798621,26.34214660043342,87.02569212109853
150.05113456642462,54.581638373512405,922.3120616991968,14.740965506273119,212.75282963592142,28.29165067652367,87.71241925520283
147.65412866624854,51.73244237948996,1040.8944829012514,16.159714570590264,282.70796987626903,29.62793583783001,90.26167387695445
135.84629257949587,54.99005054929826,1018.8204763048758,13.586214864025303,10.504578493180372,26.807339979547955,72.13335216149608
145.79354677234642,35.518723109031555,954.8974222821245,16.711111318041425,17.215654286657276,29.970465574048852,83.3858905905662
146.5728548347323,60.44187352390364,956.5168459362653,18.29896178864784,222.9127749135081,24.934484435794502,80.5923690450277
141.9772273077838,49.30205185922413,1056.2717392207385,17.141221119958374,408.32762160081177,26.639857732590382,82.67747350060847
148.38714288333992,55.54091408368758,940.5294053566336,13.54079506038518,442.61943935378264,32.012733744830626,88.94490344797121
154.04050856814538,44.800470364372345,1082.1336476627982,15.722834634546206,43.35328379782011,31.81137156083368,92.23346118003604
168.8618590121053,53.063869525312846,954.9689632676066,12.413716912482705,269.1815510505114,28.824369703839402,65.01875999089742
151.7457781283184,44.732922184131716,1031.9195962804192,16.14478062235135,456.61484313963524,26.94670707276914,86.2057947088012
152.57550390722764,46.88115519652097,983.5690762125507,15.901206825725078,193.9863771989432,26.917789345421966,95.49242460592266
149.25554084233832,59.570156769333934,1030.1593715541171,11.260367320935671,414.7829157141843,28.88019526217606,89.71491904835564
130.8122878470096,49.04658799618327,972.7942998942904,12.676432312175272,66.8478271997181,31.933555474935876,50.26751698351703
149.73486124550783,51.087164365898616,991.8603546963853,14.433722206512465,467.69724483389933,32.784737074032975,93.12776838410429
150.60230209941025,54.35033865344377,1002.045958769786,14.398280505718347,375.71165876565135,28.510404793554095,94.83553340331822
174.63242112485287,52.47840943986302,949.8906272109264,12.58104612916239,470.66719639345087,26.53952272204565,40.0
148.07639035218878,50.75209452571788,1037.0412172710062,15.777957458704368,338.30861677625325,30.803530913599,96.85940332872417
153.01547342333612,51.824805012331126,974.3393216764207,15.502947217881024,181.7019659997135,27.529395088122453,94.92364473155959
149.65288230294757,62.01707792619138,988.570004232999,14.611461736042962,469.0905862623612,28.445242083416392,89.2983041346883
138.31321962380468,49.711906014832074,950.2825312695744,13.488416999683274,137.78338815458923,33.975828271311116,75.12348445918005
161.4282281451502,51.005495233574834,871.8833170602345,17.097414252833126,166.08626103086627,32.481346285697306,74.05580370078992
157.51933032686773,55.25327198003806,990.4486118699915,18.31081422617659,350.40420900087014,30.473922936754356,91.05126582407154
157.91031947043047,55.52762966478992,1120.630771080646,14.032877032306926,382.65814976269314,26.18424299666183,74.99056236671036
140.9061254520526,55.9351515278019,1039.2302143949012,13.775666165690359,464.70174192457694,30.634189702411977,78.16173307013636
164.027943109361,53.19365111014592,999.0369810132803,15.982415330823992,102.40120452810476,33.18797187236258,84.65367070571465
135.9814893720772,44.28497543634758,986.8554585395866,14.283941240506028,398.999017609612,28.873099002703395,63.94696361239935
155.8685709380027,58.16715766150548,1001.1232946406024,14.721205598673532,369.2730266984817,34.05334226996015,91.87429360585084
171.90455625809977,44.26827303490656,1027.3559557587605,16.47930630344934,31.897278126798934,33.87823586855462,52.90790524723346
140.09463674869312,51.51317732619517,940.9593592345577,11.181287824985414,193.61157060510348,34.99119849643042,77.48800061470749
144.33702270397228,46.22862074990321,1055.7160847334435,17.63660464970534,141.3827285300493,30.915729379594058,87.31987175520958
150.9965136508764,49.67930826703504,1035.7690657720623,15.145361048658682,152.2452121770152,31.762175099418037,97.98370745476578
144.96524345883802,51.6438120515174,1035.9092862853968,14.17701371087564,491.4734397773504,34.24256186499327,87.05486732687643
134.49336568933867,51.606786077251364,1021.9237869404864,14.821531691557102,321.38870673996394,31.342181811206927,61.94755696374961
150.68562974806028,52.109603771176424,1000.9808328846995,14.924858710041038,358.8380788967498,28.49629767662936,94.2276395983029
139.37696286273896,58.06855634529323,1033.643061798341,11.537597393110149,488.30881865750456,28.654371490416416,74.31878581326438
154.73592430635182,52.2676715075699,1029.5907066870689,17.989876454906472,188.60089122881934,30.71566486132122,94.90372520413365
140.80575765766196,48.779216823546754,982.2979644529488,15.082651264541237,400.92008422640293,26.128315734161344,83.76135669635767
165.4993440501754,54.820435841441785,971.319911355155,15.886004260894751,217.26548165224767,29.57022325390742,78.68285983023348
142.16746707663762,55.947352444623206,1005.0928147630993,16.903099541148087,434.7668359074899,33.28964135469076,80.99477432088929
146.77938483794324,43.861960924315035,1077.4510075747594,12.9576750848794,90.3287706556516,23.426238446504158,81.07721077632033
158.1351721736967,52.98700034924929,938.044646217305,15.946943798070457,473.8430885321398,34.60344630538354,85.36898345390435
137.69135683566046,53.50586371155449,926.623736712378,14.464717818202413,109.38585420543984,33.36712265610948,66.91522584344804
152.2745993460413,48.51218248320004,1008.2380420618258,16.693541550432986,163.11025349046577,28.62070615250857,100.0
163.07142754282427,56.878534066558096,1002.5443850928009,10.74554515929701,378.09611705339023,31.63017248361543,79.22472605358587
133.92516765438774,49.249722064837364,1008.6670832185204,14.801811399517462,196.87757078270334,30.00944318071898,67.57918041840048
151.84633858532305,50.62788226735771,1012.197659895425,13.794358688432077,304.1056883832233,33.68997110531605,91.98736469400299
152.59882794248423,49.134640878580655,988.8398872682598,15.86452590126831,222.28675053471426,32.94804942830982,98.91329642614657
157.8182287177731,50.077895237907335,1074.4931719301042,15.940088374736405,371.1849685448909,25.799787830450974,89.83329161416718
137.63049289121918,44.51862456552399,919.9548010761742,13.584748210355947,114.16562618430542,31.76178724039253,66.34969137192664
136.79543386915725,42.799745587028525,958.5751487609878,13.575652271647913,29.228993618438505,29.383116439070257,72.610595785832
155.21941565616896,57.97252531612486,994.8372619925476,14.77866926288534,149.9646987365331,30.2484977115543,94.99267728705385
152.96984673233186,45.76519325840836,917.8405594422916,13.206715545369583,237.15433243421512,27.815484297090553,85.20481024422398
152.50492850345876,45.04303825271846,991.2072797783965,16.683967390904254,84.01002609633929,35.2444112073625,94.95105668563893
153.46448209496975,39.23304943198143,1083.073508286401,14.261585599105107,177.39864482819434,33.12018545970773,84.77187822243675
143.1997527842151,46.80519126155249,1001.0443244147981,9.186023561356716,199.99150914678427,27.780686508081097,80.91948542284916
152.32253697161005,43.384551032962506,1011.5350452859342,14.250355886756388,28.695921844136773,25.996168179269304,97.28620020986364
152.93072473298682,58.21007580068185,936.991761741371,12.922912358312056,291.6536240921023,28.842982107066454,86.09728669689876
142.85648581973632,55.04908544671317,969.1819295980262,11.737448369078109,442.17171398564375,31.303507938273917,80.1601153763352
168.65774511144755,46.55924827411138,981.2401809838032,12.525146723554855,75.8714564765262,30.72061753183867,69.15157969184158
154.73832920911786,61.26217902672154,984.1142451621884,15.21881694366594,298.904006700757,33.75939847430473,89.37102881776741
138.08696502797352,54.90882743495797,1064.0821897501885,17.657281656496462,332.36960245542315,32.36975916654256,69.04162413518944
156.56553608633828,48.37584308245689,1027.8845530362562,15.62636894772996,209.66734020964418,32.90870707725872,95.39171992198979
140.2531832977268,37.50297142563213,944.4271021531484,13.78699322356852,350.548793682135,30.980566201831312,71.1702663404172
157.8708460374245,61.45471286295371,1012.3252389216002,15.911808390341406,205.365771745506,25.83210380936703,88.69555976435494
161.58595579007405,43.05213766618202,1024.9110874248393,14.081819379562017,252.31864398871744,29.412904406559296,84.05941853399543
141.79317681648288,41.77300626521554,1057.0074519260634,13.61079926167371,3.67652227721349,33.180269219726,81.84636414976937
159.6337612924432,55.1128521600482,1079.0270343284187,12.691274663534031,345.8600570673444,29.84543121442606,81.66318619020507
154.12780926936497,62.19876203169636,949.2452904086066,11.496342386496561,330.6713394723622,31.50927110587124,88.81859939730126
158.2206015999449,56.921364092552594,959.4571244394831,14.22015258688111,19.20043866317228,29.043755054261602,90.70339041488181
168.9679298265395,52.8195456002618,937.1211070542691,15.316106979840264,184.12505369756656,26.910564454374466,68.48454165085363
147.54611883997129,52.97377170832643,988.2990070446509,14.80675265997022,489.5159203958337,29.629967807861668,92.83804768827639
142.46263835642512,54.267077793901535,1023.3179187223167,14.168066144105282,210.3682812843084,30.92714232909796,84.74737141891801
141.10485570374476,53.79464294893383,1049.3667258294552,13.108507878606439,250.97270256592086,28.03293684161567,84.42595743600774
141.84189715034563,51.40595711984688,996.2024488178739,16.216492383369935,454.96507907985927,29.292866265429993,85.014810625821
149.22898290585897,50.52100551975938,984.0076238372578,12.365736160106831,358.6309379328782,27.18161027404205,94.89865610252156
153.41151974816643,49.68703436050239,1007.587899612437,16.55205582768695,291.0350655621118,33.35773475269229,97.58513849706902
152.76690799330018,46.230177055666616,958.2428549184989,12.99556596214655,398.90234067053626,29.1166327272359,92.86526826691377
158.27183249036023,48.59662461566613,1104.4769360847386,13.49512952529393,432.1831332279866,34.35826663537855,77.00348202819124
150.13001891877906,41.535215929023074,919.6169486440971,12.066429618768646,228.44403586863342,34.58624355162273,84.55223162363541
164.53534077157317,49.50830186602625,1009.2370289447862,13.997195706228727,237.5541824659177,29.75686210583477,81.50887660055257
147.35343166762044,45.057044464245415,1101.180310961482,16.95062491695596,193.0254678259179,26.97465380235795,83.60275040606179
177.2016916658962,44.48205341392114,1000.3399922279999,16.03125617688791,483.3530700092303,23.742306366799987,40.0
156.25667347765005,50.89947075576739,990.4980482499253,16.95684422405607,348.5831271451752,25.583888780919626,92.7893611661539
141.42842443583717,56.960011431723,982.1277288594787,16.04428509186787,41.61153310403615,25.878495525304018,83.11860095464196
139.29107501938887,54.59158303001156,990.9804159118796,12.79266034293926,431.47981165650924,34.13540888238451,79.42918707653871
154.82472415243186,42.14749698188412,1068.6424237338265,14.338421551344885,240.27997041813404,30.34747376168084,89.3157345072713
147.7653721467415,45.05185931714831,889.4069044335247,13.439601741765074,34.37695321124373,31.168813572275962,83.71930592636743
157.14000494092093,54.70385593994108,1076.6716850648163,17.66114980807808,274.8586275816555,23.33873697319462,83.16400772830929
154.73237624573545,45.08756303230845,928.8021423774927,12.606422707147377,208.58213948785104,26.406100712348216,85.91627476931069
149.27171087343126,48.87683425001488,986.6673835382793,16.78739537877822,438.8747024313124,32.66123932933886,96.36308397429927
141.53206281931594,52.75026049512276,978.5377789850669,16.78590774021754,101.99730180469369,30.860322337147757,90.67929067228556
134.85152775314134,45.15827772568183,1029.427663488536,18.659240403432175,413.2323047460915,29.55838416394321,61.97671007791188
145.53485047932978,50.5268775307298,920.0937824058126,14.180626814741006,278.84434559272637,31.694527075800366,89.39493531059539
158.56398794323474,43.32987252540898,1023.1086333040971,16.424644319160326,27.305151606734523,34.907393418407445,87.99033330416142
152.14093744130204,46.99316178024393,1101.2154811643427,19.563303673077684,485.92265066274234,29.33687260938885,78.2885268952295
137.54261221288013,51.598909670712686,931.8412997703595,13.764716646132607,256.30762205159994,30.20810940797421,71.6441081121108
151.73180925851182,42.03503133234165,1009.4853083805198,11.929919504935281,145.43842711579126,30.577790756193917,93.38133787748785
153.85317379728838,52.202373689801995,966.9008911101696,11.239979932184472,234.70342099462903,37.176328905821975,87.37621114294589
141.16142563798866,49.901811005366596,1021.2943603096518,16.425424057722662,428.9288917587445,23.701931206742923,80.15209350734382
151.5372510594553,52.76244977208574,1000.9573888707876,11.233699583882832,152.45156219253175,32.049669044366425,95.65350354658555
150.58208718446,51.119570670323306,967.9256545477845,14.255361894124155,96.33819824335016,29.65559325372281,95.6867195158564
138.57029702169376,56.82070214986922,1024.3936142435537,15.874626374077922,64.53562346544072,31.70031517855254,79.62535907047024
153.57787360348283,50.62612251323954,1090.2174054893371,15.370351073659828,148.92969919510563,28.02788233801583,91.42626471942921
155.60784526368235,47.852972294373735,990.4548104136351,15.850889728368344,390.02404352002173,29.853104907424648,94.40778315928361
160.83051243175277,50.61148751516142,1035.987897107409,15.444579711601708,235.81318259763086,32.13423173839649,90.35166882874435
160.53802052034902,52.716490145181936,935.3363521064418,17.557731626626786,113.74080184676998,39.33873060313152,74.779713531565
136.2233063204291,50.244300351628524,952.1781811590996,13.095367238522407,83.09249980487459,32.424108568206215,71.5859336188705
140.62174960084877,50.20295845601941,1023.6203138940189,13.646009723082937,166.36473825518954,27.455803205908474,81.44569833377876
155.1503526720866,46.490041560966226,1074.2058014267982,13.454681109458352,469.96218644285443,28.72872095393189,84.9170388657788
155.13785950912208,46.68549541224526,1017.780667439283,16.66038362372522,171.5133562950122,28.63975767484844,94.05508823930096
155.15047686306048,42.98697364100153,984.3470984738423,16.800797176790127,494.0620379773177,24.613070482109954,85.17679085146403
188.52731490654722,58.7478837159347,999.9645702711678,15.902450638637017,242.61522788267808,29.00972942489569,40.0
155.70890510693167,43.780683823043574,937.4796133015142,17.366987333779857,89.58195914507544,32.19848724546524,89.18169659733086
161.355656401806,46.53547401102046,1030.2257663177684,12.643918265247239,445.5700458967547,26.177303642769616,83.98405630589451
159.540017634932,46.40796367215401,1044.1166531161705,18.334448223102275,230.17768656741345,33.14544795315178,85.15700622631186
156.513912513058,54.474621884722204,977.3954833583459,18.046477243424516,354.8356717522622,31.463324463253013,88.05790064927555
146.84730755359655,48.52525160853986,976.4978926120249,16.471243994491495,491.85579160457587,27.797300034086888,92.92988530824579
157.58969220493267,56.23871036336867,1013.2939114826024,18.56359781754212,25.087675159987,29.575411087986456,90.84367123505227
142.2717478546243,46.63254687878066,978.1640131979702,11.686753584644453,48.347279893783565,34.7949654229231,84.00996500605527
147.63181393259993,51.39497081111901,996.6933692687089,13.951103727474695,360.2283707313781,32.200643440517595,94.6596306174171
145.14636452170896,45.823264733701215,1104.9860894583258,13.529393078636096,140.912501647736,30.026350964694444,81.49824913201387
150.81874139386323,60.72574563886694,987.6487149627002,16.442958647514686,92.15069847504952,29.286950049117046,95.77798431223275
173.1465856667351,44.062007904852436,982.0829923989389,12.899718520795709,19.680939909864748,30.22982721135498,52.42806396155164
131.32734807408252,51.54910355113514,967.622909718242,16.51499029867497,10.923355993100902,28.46470932617309,53.6741909387244
156.86260190374514,53.168884404660496,1037.2095985749968,17.741072287993426,387.24280155989544,23.685751482842957,91.01078050955931
133.87284128810347,52.06899548725749,990.9387913390949,16.390405800167997,67.216713684775,36.12653373160419,62.577781208938234
145.28068134210565,49.07356170561146,967.5313480839287,15.567502047323002,233.86030798557545,30.465974997598206,91.52589557733536
160.88950596967365,49.35089650133287,1066.0652016136505,13.024253318198502,302.9484075897415,31.194441795367613,85.57206303962727
150.64280019095463,50.21905735989555,1070.9801502256819,13.306298067749271,214.17590028442314,29.826276750369274,92.5275252366234
139.22255222070694,49.264989991857554,969.9788217130647,17.499237810593332,13.553326168116552,27.794649597826236,81.54922685037103
142.84696290740033,54.81939558397455,906.6730024319692,16.558698007810666,391.7507512939544,29.44222655715369,82.73271505873878
156.79597748934677,61.05261500795676,1050.3756844918462,14.921960961244912,5.256612270826744,25.201815713417066,87.20311273690251
142.69633368282862,47.21254107496083,965.7685087119999,14.164180908468218,380.944947188742,36.831259494159916,80.2038414562987
152.16458589581976,43.15098510210461,1039.5312799581384,10.948384253777245,446.65224689406136,26.29646400473281,86.46611594704413
150.45571839903815,49.55858975824373,901.4948091144082,12.858295162631123,216.41996052858613,26.904101148458462,88.05735700193095
143.48399652394184,62.898546688271594,1044.6298669149655,18.822838174279447,267.77123654889914,28.6792223868408,74.88912867652238
171.43944089325325,45.98162716015135,939.441403535961,12.439088857995067,238.49169630882687,33.86422717455713,48.163359784941626
156.3391902231801,58.195584027220335,1036.5382059533263,15.378959642442162,194.6043093117194,30.04352699778796,91.04409567534759
129.74857413342392,58.388504070382204,1000.7136533918217,17.014887946390395,443.7122676851801,26.291592611908612,40.0
151.86454314769426,47.23205879146003,952.3030290301677,12.490154663995416,446.96675533499524,33.76301508227202,89.01807183539395
143.3821353523161,52.84491539592638,979.648184353661,15.369420949562167,167.90818232076725,32.19300188035645,90.8065563271423
158.52433334796223,58.14198311564269,1034.315922847835,16.87583107502131,307.534877007349,31.615304871649357,86.19381280994342
142.074792615673,48.10436129506257,1005.2947226557617,15.0249986438145,463.45378107293203,32.14720272351252,81.7523916700156
148.852635585331,48.98209819948819,1029.2206490236242,20.736806111333536,481.0292494706758,37.18308570174735,81.53848794799269
155.04987278980457,47.09159543025678,1098.8220292257743,11.662801482243609,254.47952021102378,36.55528468510833,81.19599006971715
158.65755194170123,44.92621634653567,921.7879194144474,17.11745705976776,226.41240264216339,27.939853970990114,80.63081232184807
137.99703592944223,46.75361227466996,1080.8606287484313,14.654396525207071,139.3471579642629,34.871654978433455,70.80147064830551
146.6549876415905,43.880298666188715,1005.2177968761606,16.54384030967335,479.435936595205,31.1495045692767,90.81277991616174
145.25054688839043,50.17041734129613,955.0607975838436,15.882614303398492,71.40715223643367,31.49728744841325,94.2046560961556
143.4667076742629,46.150133844706794,933.4843187130505,13.533687605780006,289.9147880238625,24.923187505070015,83.64829189622003
167.65454240281096,51.168929558953735,990.5439804611483,15.45799278491868,141.27513375931943,29.488842703835413,78.3258839059221
154.04981710960956,42.22052176898186,1046.082505596223,11.284197097203425,139.5041451738983,27.561529228990306,88.13898799767296
137.39116045664954,51.654401161072286,993.6225439811233,16.206495001142788,202.48429368809423,32.484176444679925,75.88215765529866
159.17861947054777,54.16764480804462,1075.5577465123674,15.59631693198105,499.3964679078273,33.213241501208415,81.70561809342688
171.22156197012634,40.03132178714272,927.441215497422,16.277320337286206,27.483153419911034,23.776540946951066,47.302451695513064
160.32465260551146,51.87028284923786,999.3955526076973,17.1162366501743,289.2709091017657,29.93389540798719,92.30869005785945
134.80630034045987,56.13834496236646,937.380327779344,15.735239680419422,41.286079017638585,33.36558451438275,60.85259525720107
145.15765927133748,43.951794906543974,1018.1815941312484,15.296178839596552,77.26041499525948,29.439963113059665,89.9601952114021
162.66911149186623,58.362861934188516,1044.344369504865,13.237863326677415,219.78147088644934,32.187190935007095,83.39713771196591
142.9233053438122,52.095095046830224,978.9619103159473,13.575558472701898,255.23006567322065,31.05349640288125,90.22977869324465
154.43819428146227,46.47494072120796,869.7893071686433,17.373469240354662,129.396204182262,31.024980695857877,78.17493313800658
157.74634053429338,49.72115461171147,1009.9474073398247,17.872670811411957,158.2285654372081,29.18605506579511,94.92705405138186
140.73069528421917,52.791634562608614,1021.8369275866755,14.523779127375892,43.48351012796653,26.35025758759287,85.53310534767307
149.404746439382,50.38002695706206,1020.2147377480849,15.092005494506548,151.60989192212526,26.63540955772492,99.2493223568396
117.58732659930928,52.693779962231844,1061.7891095911077,13.190771250012467,483.27921969027204,32.128057543365955,40.0
139.7561235866571,45.39663203460317,946.4473160175476,17.34551369053489,472.35369083624084,30.05837476655665,76.79807211152077
147.4743184860684,50.84680412018039,1034.0108052725225,16.330833647383557,167.4391450684925,29.584463266178325,100.0
137.5221681803515,42.9314275154751,1059.6253756238987,18.882434872927497,285.4269681393808,28.72832987303294,67.39451409401913
166.32411303931636,49.443869693256495,911.0706207996742,13.243353845640522,454.79769555547216,29.084433463557744,66.30215902759956
135.69858622039368,45.48046179267605,1015.9825912959489,14.243984201963565,3.0919113204483373,33.14073538346442,71.96092355793414
145.59955513303015,46.322350287051165,974.7910084496165,15.462891845051145,405.3417851687959,28.99426775439592,89.24593387852462
151.3074057728609,56.18046587605219,995.9238663449177,16.29297907545154,474.1847763944595,25.976805860095293,96.6746746838896
164.41273289066115,55.45655060297135,1017.3838241769168,14.568664724904735,45.66286716677853,32.23095532662052,82.66575392453194
135.64137848820562,53.045690604535885,975.6385717943224,13.254077819092599,80.72384301646052,29.385370008405847,70.43629761106187
161.6316375215496,44.538436176637106,966.2145960419194,16.762815057847142,480.3731513856777,30.094187596598328,80.39661195270082
150.10233061019588,48.41795775152599,1001.7076208744012,16.442270725091163,268.77007182017314,34.82273491919853,96.06845549703857
140.18491348952048,56.06548849989592,945.6377030568599,13.16745179887255,7.098317235861851,29.93831832794848,82.79351966746451
154.6210347426327,50.70858456819953,945.7087435557407,17.710885602210993,128.81599938176458,30.867551019356178,92.53331765038095
151.9905969557347,61.59664769990847,1033.9686641478252,17.34039741839321,224.97183713442982,26.463229526105025,89.78849165568403
143.99783122841205,51.96658919697186,942.5602982420672,15.268592994495586,346.45445551238384,29.34099164294712,83.71098129092235
150.6980208499002,50.960245582450156,1033.3156250454606,15.159195724752072,366.58018906839976,31.828578135625804,95.08517594031267
146.1468640313824,48.4544176789875,1023.1295646426976,16.108115542231815,497.71075646272806,25.333878798476274,89.22065612688223
151.13517345251248,50.66770452391141,913.7096635604702,13.276593859487484,143.7555996918795,30.60253527934713,93.82043732814
156.62130674521046,49.23765081809728,966.1217673832173,15.060062958328164,269.1100509342376,30.30237321793442,92.31872143659794
165.86016816145352,53.54054338344295,1059.7054701523687,10.69523291078164,266.6617739298025,30.123862366762317,67.97105152937368
137.62184501173152,54.783511583972924,950.9417234430159,16.752911291005873,202.82262972361875,33.11147669597473,70.8026528784158
171.33033374656267,46.070052697460255,976.7797868845306,11.877013555116282,84.5809469212101,31.003315544545565,55.309202862211166
130.47912200477498,43.343835232211106,1023.1030446625948,18.006839656858,488.7282815919213,34.434215695069334,44.23217548335354
148.48214904964416,40.818973134483514,1039.1695254641297,14.339759812067099,426.658593333293,27.01923145321789,89.90056646481877
155.88317206484575,52.53995663456272,987.4230556977752,14.576666036137647,249.1665141471186,30.407773701655042,96.31164236794066
152.80991867735034,44.483166969130636,970.1244902654179,13.74453218783099,301.6227113420149,30.25340035916984,96.0231031723642
143.77300480179406,39.23554703523759,1071.1184930849254,14.423922252155847,113.63052677983116,26.79223651873476,79.28996098806974
147.91877749642725,51.94289302265482,1086.944983189879,17.837062690296072,271.8935351958734,32.86888500627404,85.38848611611958
145.06999065341168,62.46499758716395,1048.9429025390898,10.02438268692984,347.4850665607379,36.97401991755845,72.27380603899546
144.10635243055788,49.96964544230053,1004.2659071282512,17.553930772176376,257.5835141932944,29.948981776548507,89.1963634271742
158.49602097021025,54.19245387225821,959.5867139179537,15.676046962203417,495.14258529247064,31.5150632648213,85.26937084297997
153.57015485965047,50.40914679273782,958.4777796721718,12.585956704285568,305.6708281238631,30.25355542744598,94.31176241887286
143.07090404739347,49.50555173404429,1026.125705263288,12.849375213901524,185.4868562960845,27.859245990278474,87.91404673991043
158.9959987543325,54.59538241493884,1020.9199110444342,18.352786054416406,386.0760138079191,24.537719166593952,86.41969398378743
153.0729952087661,48.548627279056745,1070.0799296473215,13.108986240114538,85.23125579082102,27.882679550713906,92.844453416431
158.12862118838962,51.33696157035951,1032.522504626807,12.69329897880808,192.25790685313328,25.824124857144806,90.12465605795187
156.29628841923613,51.60848903098007,924.845984912009,17.274629084729458,173.47947518879292,35.11230623417735,85.36201584326312
141.7100498907793,46.659547731784755,1052.5973808861459,15.677105752571828,215.90354755388864,29.654670918230284,83.58488324485971
144.3981895980303,54.960211747682614,950.0969686342794,13.124148846927202,390.88991296436313,28.96224201285849,87.70288912574246
157.4729360512326,49.12520121652296,980.8014364023825,15.433249950809238,242.08651608170373,32.66746147436342,91.00374941109241
156.10370265433465,46.221274202535774,1012.5100103125848,12.948494632719445,397.0072251329814,26.634746691432337,91.24829850064512
149.7909840603585,52.68254921785202,1099.7833744891982,17.20164279684521,288.24445156993295,27.699407885986343,85.49867721873808
151.17327383308782,45.50766009104481,1155.495927800268,17.12274192974627,171.03471732877767,30.204216807745862,70.19252508721156
162.77664895788425,50.14090578684564,1030.3361529568092,16.064012397643886,404.9893718417362,33.08630697427044,81.02463952563616
144.0842861116417,49.954405016778985,990.8401690639806,15.723322122494032,119.14483527654579,31.505055135506364,92.53419668763954
155.4709738117004,55.42947782915789,1026.7252824240275,18.522376249734748,112.19148989989775,30.744975427547647,91.17429700396663
147.97807347566106,52.373491164399766,1044.3827712936918,14.999372654776451,252.2514620274179,30.23435320570805,94.49009700564916
147.8231879677278,49.87486520627428,983.9666187221404,12.636251749158397,130.42462298104445,31.200707566580327,93.57847239245825
160.9877685198719,54.08883149600143,1089.7605677956162,15.898947825664614,4.54351747560816,30.604958715387763,85.27005143971859
158.25416348988028,56.951037745086566,1011.50353795957,19.17209409907423,324.14876364940073,26.910083175669193,91.18360542827368
158.13509636000637,52.78905153175931,1024.8871544545698,12.970481013628296,255.546910736199,30.138237664899453,90.35397040015957
163.0547880715433,50.051763099216906,1033.296212602723,14.277074466612028,222.7589072465806,26.77893402324674,84.32434641889927
150.2100384163276,43.4408188382492,1021.0793305307228,15.832892076202905,483.48425730915767,30.24324762870247,89.94521941960296
156.81952971294965,44.67443168462314,1041.9470250234806,14.892190301988522,285.59959198145685,28.558056175535278,92.9326873429468
146.89733243406545,48.473876478226664,969.1373406726539,13.035392839245372,431.71578889469225,37.61814486834859,82.7014855381877
153.24166352488442,46.952438989203586,972.0849123026985,17.24371571246094,69.72511810258008,29.880316848744865,97.50307543163454
148.69856945632316,49.06514348507277,944.9922883514153,19.640081444034518,284.60323156471384,25.787281301215234,85.02424251465646
150.96995964992718,50.283249624485535,1021.9750615310113,15.392262918047814,433.9898133654514,29.597459367969225,94.58446655612055
155.95157025436913,52.64846377178365,1038.9468251756057,13.191863420528,291.552878639949,31.558076236913664,90.91157135017261
141.8177931676653,49.647506109704544,1022.8886433075943,11.902078949893049,359.00708906350076,35.020091838457574,82.63198930169153
170.9238727568546,52.43250821913101,1083.7246216673768,15.515951962442362,186.02178390610368,28.231642800183845,53.176159172934376
139.93982618500297,50.3223720740506,999.7201990585477,17.207754686632516,46.22475851853331,25.25271607792908,82.84535780487127
137.8581138721227,40.12266716823064,1033.4370827796256,15.950335492990764,228.95014756353572,32.450511034292944,69.20802321822244
161.58110873500067,45.30332303090623,945.4149561930343,14.995192318162292,197.23969541942876,25.858203882301048,82.30130828027931
157.91662693962937,49.27956222139192,980.6450148762799,13.821456696421388,433.53009118947364,28.691533675477544,91.48795143606529
156.24119817052156,43.951526285794465,1034.7768878782888,12.81567273456382,121.99765117623612,29.227138543467017,90.75012833366002
156.2834550926428,52.999643649981024,1042.4551055371571,16.669502652649765,483.36711376755403,29.791099640099674,91.18808785634329
149.87753227153087,57.65375416171849,985.3016526167909,16.82754324277117,479.06905990224806,32.06749337122301,94.29439222097544
141.02745628514168,56.09380925848659,996.4200374070966,11.908540426618533,123.81582153571935,27.949097153140837,81.52377517777505
150.75804558193727,48.93278564534896,924.1063126659595,18.179677956361367,174.02597773866023,29.178812243499717,92.38608958056902
143.2283828848789,57.45363068424976,982.1485399596695,16.148142441788004,447.7778704369425,29.957188941151834,88.15931831316861
159.7511973341775,50.74333728601056,1044.5191581759893,17.799189290291586,483.31111044805374,30.448793872556365,83.95398994340991
148.5294261849786,48.31457014440981,1028.7602508053283,12.31574450302977,221.719551418022,30.293481524123766,91.03081965813413
141.74502803207488,46.9329866822953,1025.0332860690605,12.268351689169123,160.4985228204489,31.30801732566774,85.36532485687353
146.78614158347006,48.48765156755936,1002.488684359048,14.702061380465405,263.047006625771,32.53151852892521,92.575882556877
154.12931454275625,48.05911590729386,1000.3531579314089,16.00556885379039,343.8846031828674,31.177902346952905,99.0714185435985
144.36275447196024,50.85208111187744,966.9839430263277,18.592721645853928,136.7372576874899,31.360756570527656,89.01164095126559
141.77779604433567,50.802869905249324,1034.9414210101268,16.412157827630264,368.2365873095364,25.253330499760565,80.38911894331677
152.4368721149191,50.01523010076707,1021.0486472194694,14.514637446375934,25.828678557320515,30.15068309749704,96.8873884291533
152.44966571108722,52.18469084873175,1024.60094239964,12.947261584668215,24.64724638220822,31.438522644004827,100.0
144.93056824628871,55.95323137393171,973.698257866621,17.4600011454383,193.1438525727726,32.18682358371135,88.32145943689075
145.28961694381678,54.74777067720662,892.3328540064377,13.07058914849857,176.7365960303603,27.922947677298616,80.34692410179842
152.32049937357635,42.575510157750486,1054.8576355876849,18.256937109544644,157.81660768357614,28.022882175334065,91.25277843479645
135.51915658502676,37.230394325490224,976.0581271995798,14.431230700786982,245.509881334455,28.277697974149206,58.999917091170595
135.92536225623445,54.67159955619637,956.861211797844,18.1811641452357,160.36679115578562,31.60924169967403,67.64716241044547
142.81555778747565,43.165606507922895,1034.6739455956997,16.357862580118557,96.12895923404596,33.101643164772625,84.96822995043071
147.86552848288153,48.87617299053658,980.3993680040435,14.726009021115084,154.73477454430045,28.777619678125195,97.33576339562282
153.10907565598004,44.1494348697032,1052.9968192023312,13.961207256347747,487.45213640511747,32.723886940881144,90.07101337059103
164.75356216949552,40.990097812099904,1030.8502974788348,14.31818424530784,205.5567084974243,30.370439427493782,75.17052562468493
158.5765962320202,52.70731364102394,1034.1784661600238,15.856633384750475,222.35638842916788,29.62714266851269,92.10399248616773
148.40061470036574,53.79577580151324,931.7022144399733,15.154312992435434,288.27249497557,29.365847310546094,89.97777648137425
149.8098379209731,47.1174479963664,1060.59719926932,13.81237718386259,491.6703842071133,32.23983409380647,86.43888402105777
139.9747063536219,37.04478853927545,1013.0625265616928,14.668737179364735,120.80063821788151,30.97673345036121,74.82105282403101
149.8148686400761,47.268777758737585,981.5361430376898,15.1571540594383,340.6410552662169,36.82747628294291,94.19709535928807
147.1134136107986,51.959020027012734,1007.1694233671126,10.742531811170377,357.99234677086207,27.443326071008027,87.88851376127097
153.2271856033809,42.60544215612936,911.188238355084,15.916336229577396,303.66220839653295,31.554305106089927,83.4462401167279
141.72769056447677,50.91679959889578,1020.4326405740335,13.040557550566387,44.28916981832204,28.41239697056546,85.82584844801507
155.19346514241172,49.923450754135025,948.5314245908964,12.69333519358851,338.43613791378823,27.39213903903407,92.5938036631468
165.32738913002578,52.89645749800544,932.3664857078232,11.62531130577858,32.04735551808774,29.967398588895083,75.78263640152016
148.91239851543142,50.59790184207077,923.8820406891055,11.412215004264219,298.0713247749485,30.412057438221108,87.35543583021638
154.0171172209894,45.134655295592225,1055.6344187494963,12.289104993775421,369.79058861087134,38.75452066518028,80.1099242729601
156.90143991711113,55.982857508322454,968.5368303153606,13.58195808473902,105.4849453099752,29.447562552950394,94.0634310220807
145.98779528114164,49.20735213486515,1076.6863854958249,18.906518275053138,420.81100377138705,26.60946381154595,78.8047535394489
152.24092481810416,49.86347730245034,973.2099268473851,13.948240648209593,15.176902766502131,30.819032152483157,99.05866650413155
150.12592400781796,45.33366020463402,914.6321021203527,15.355500212536063,421.90643182915306,23.776079887360893,84.38072581214573
150.9767609854883,47.78358874404245,944.173778002567,15.800962773012657,230.16452532138254,29.7241296521872,91.32150381692706
142.26990216144534,45.575986429865495,1061.790581000347,15.262130372431697,108.79396996582224,30.04807584688548,81.07649769595163
150.24510174258944,49.135269700382885,992.2050911031666,14.845113078548012,66.889072496984,32.38380114883564,100.0
154.9799829124545,58.558542400711715,972.58563517547,12.60941247280151,476.6535837911863,32.920866748283544,87.51766150616437
164.5114360779504,43.140494285343216,1008.0009112926393,17.901855096558425,36.33279379057836,28.489291143276848,81.18998167000655
159.59270826085208,41.932193010616295,1025.0891368083771,18.61439328727577,99.54670996796283,29.548157956110202,85.55771084057483
171.53182457511556,57.35585163746804,1055.869940795123,11.634682611754629,173.911173716523,27.701637508167988,51.85314948020611
142.32652437111952,48.95338161424067,1072.4249614946464,12.951942818227241,310.11742448056026,26.61581233557692,80.97905043282027
158.72320636720679,46.65463630670042,982.0115677105457,14.440379315245988,272.4005426380492,30.929684338141904,89.57108713791752
151.8334200573835,55.199523436980385,933.6976156958981,13.070924410179618,62.821746206156995,26.1792433542102,92.15211125702247
171.89802933217672,46.97192230131568,979.3267419438362,16.01193110691173,144.8639918691073,28.75611929828441,56.59704519221842
141.91701714644847,59.13004856773468,1013.0140253291443,13.543455595186774,119.37588554301203,27.014478120302286,81.20871218425063
141.60278157819224,53.38962935669635,951.8120536894695,19.330112135613206,106.77142724517068,31.64904955887078,82.16752952701925
144.0060735455598,47.560442959271484,952.1424542552479,17.381097188687193,205.57216823999352,35.40429029779946,84.09094424472829
128.76104275690193,60.786541066327516,1017.1893940774943,15.42514806126443,352.0157262958285,26.095236051590007,40.0
144.7424497831924,46.971425384983306,997.5673824214774,17.053972526639463,108.72646610861797,24.440944551307293,86.47375126121396
142.40867338446301,53.71047686004653,1001.6398497705793,17.211800848714617,183.3394398514907,29.625339343949797,90.78757870511329
151.50393786476207,51.49646290203246,962.0752332649965,13.872105023883513,195.45871342058112,30.047093387873275,98.06897057765768
153.41755975777158,56.50870644699399,988.4799642897117,13.367565510916071,488.2282647177051,30.655977920271894,94.61907882033903
168.76170839215885,57.807555983634266,953.7883427865847,15.156286125939294,477.33317843953444,28.661038454296964,61.883466929699146
159.5042383818605,50.160020745328836,1044.5099205562394,16.723272248995887,400.06879137603795,29.398082103523706,84.26301168847564
144.23096344337597,46.23291064826908,1051.7624667361877,15.278120797306835,120.82946040959258,31.102531231621807,92.70910950483373
141.01585328651643,52.29986071469558,907.6906068880953,11.846007035618005,34.01865704583484,33.12129267793452,75.90318343862113
154.91919171506507,46.61142315123947,953.5244569903795,13.394351112098315,158.45206886031238,24.13485368904515,88.98713946137867
136.7976679297936,60.066936237633115,925.173537245496,14.852054272811245,133.39727471691543,28.893181682905613,66.55219193295379
168.31458765854353,50.68267665541369,967.4988032796551,14.84866879134834,252.96290007319695,30.64142638182319,72.08095002766673
161.79440120721287,48.17339224343946,995.8281015104819,18.945084353579617,388.86395503389656,27.24607168616779,82.18418930208115
145.30824347895296,50.92340152932454,927.5177390150735,12.228024115202004,429.161469439429,35.193508895301896,84.29958005827609
132.86865470909123,43.26436855235152,953.9070093437343,16.01117848367175,422.4320427052543,28.09377035931379,55.65641117418127
163.53872374165414,45.14192980744674,949.802131395925,17.97822621665658,179.83778061153387,29.87612193897815,76.72346907210687
148.85460154747383,56.00206953972213,1010.3633664699472,19.542899490845592,343.61717173034145,31.668066290526873,88.46262890851678
162.3781631197346,46.71552860514302,1003.4672168518125,14.191205153632078,156.41709876211002,28.226145633594317,88.20493426356768
134.05572341205632,44.765445086590304,963.9131223331374,15.9828589054404,30.452771617591356,24.46028085658675,55.56274329719108
144.00624977046226,52.68326376263643,1008.84104360697,16.139520714397293,350.78263280147115,28.7140364192504,89.15835339083172
150.05243699718184,55.928520773314986,972.6659957706368,15.390963463106582,4.913776284893922,33.08832166778112,93.7638924727809
150.4698059376474,53.594766553325336,986.4172444836973,14.802309597521388,204.59129372924428,28.989314619644585,96.13573335941332
145.49934528520757,54.98023842902908,1083.672604514927,15.871950779000091,164.68963465103786,27.460697095623065,84.93952710321105
156.22849932347498,46.21602455715269,1067.0230525895174,9.93550782956063,346.68876925942624,32.777016628508164,82.49119394403294
139.32379570617405,42.89094666629078,935.0209381536201,16.36413898012526,383.12273638018945,29.007675311930843,71.01487296513447
148.57620514978706,57.506668259777435,1041.4866208939586,15.252355807323934,152.0473179856419,28.469517559049347,91.02805175700884
151.20295631711897,48.38660080578932,1040.5698277245797,14.55505020644347,405.8135072224268,30.448368268989928,98.41505643493302
155.14438834058748,48.745834917724764,942.5868355623691,19.093724391439117,146.95838025246687,32.31225062885636,93.83992176482853
157.1161487808889,56.64097070924529,1040.938882187743,13.650131962418895,223.1631799932806,37.14514059519764,84.08998696653474
138.7535790816213,52.7811500470033,1076.8965959206275,14.193848021869938,363.509263507067,32.48170832297227,75.16479909177352
134.65885829264377,52.279438860408035,943.8727596877793,18.983106604409468,346.4601146123943,33.479519899165034,58.049099489240895
162.7767682189851,60.825011724505416,954.1248589492868,13.335877390300286,493.68423615610004,28.482101403036435,75.99232549768426
153.3231401197959,46.78240884809929,1050.883073342175,13.899769434126922,112.58051210796593,26.922395682091572,93.90481977911328
142.51513463443447,54.63920064040619,1013.5747655412824,14.7059491531383,331.1589567697912,30.18699404885737,85.5053928674075
165.51151975522524,50.28506562448542,1027.5738137619762,16.6814689642591,304.8409541378887,30.321509745778787,79.30150234558806
151.15674634292859,51.34296139431628,1017.0294608200248,15.415605014706626,457.54922724501495,26.76446177590621,94.22787318835935
161.79297184063827,57.64234213206266,1019.5347960464072,12.414749305695475,78.18107082243753,29.474116410287962,84.72285340616702
150.6751848141011,52.53917878144812,933.6763935844458,13.93566287374562,375.8990817934665,31.197952805157392,88.56897063675407
170.60747924881986,52.69148039524816,1052.3658853310724,13.785291133575576,284.1343081343842,31.08118018505424,57.45039866351987
167.55340842443204,55.362536686549014,1058.4794996213886,14.845557909553909,137.3329348939527,31.512863560152816,66.54797477807055
147.51035851520928,48.17523635228557,988.5304627965986,15.851687317259659,237.21745707358704,30.872894190412328,94.8848010089247
159.71570950954356,45.80395166330497,997.8261525093069,15.836411511775944,166.8882985348989,28.47897402218983,88.25862813181617
156.45375949585147,44.775954029894834,923.4446248722139,11.447976491903196,289.6567013942304,28.45829812005347,84.0299930543992
163.68631557532348,40.16821705311999,1025.7127378008918,17.127881975121714,444.5003054073329,26.403145806018372,75.91137015562329
140.35076539419896,60.28103564970161,1028.6028720857073,15.505137691993246,284.652492206101,35.354325117555284,77.93868954155718
156.86051459998438,44.483958171391585,996.8904491500344,17.76906409518781,315.861209163292,30.04035109385788,90.74805852666925
160.5842448684959,48.89373188207114,1056.217667993525,15.888396654581344,259.3739235573547,29.325440832615445,86.27756812184545
132.41260513576884,48.6159335005554,983.296138451003,17.202645915471525,25.582753222737953,27.213623755642622,62.82739110224637
138.16741487334224,51.537033489045506,1028.23029629468,15.933090622900254,116.42927843804712,38.806973706983335,72.00139824075191
129.607678222399,54.078686062696484,949.0167830653942,17.692451512405498,246.00086471604138,26.780015903331314,41.18287838368007
147.30593165555442,54.30236744179873,998.8223924562881,16.044501272035557,155.11764187235238,28.71345622318178,92.4629752188196
157.17542255795962,47.08461280715531,991.2822871048583,14.804169507114192,90.8817988805971,31.24751050885818,96.19461905720313
165.02357052096028,49.16439143106794,1011.2653961020471,19.544869440893763,252.06642095921916,31.800638897232833,77.42586464310132
150.74094780419776,51.4128997524415,981.5236535583321,16.778074244559782,161.40489672392516,32.87379616564705,95.15604700844503
166.28615545571293,48.75654436908226,993.4263702164166,16.147488842008826,129.05382158670736,35.42282552330779,75.38352646287211
136.19898541785108,58.03672788009996,1041.3023585720753,12.447391166923328,231.9927087201904,31.518472966382138,66.27031996799113
132.96617560644845,52.45487475819126,978.1617881380892,12.423384765072925,66.64212904108658,26.831907600099996,59.82265612210642
149.44452301103382,53.67438893024909,919.671144963066,15.585430964283706,463.87286653770366,29.229164624634656,82.79427359594814
153.84065448939307,53.31440634333706,1087.479195210271,15.291042395536481,433.8510489596195,30.923497117541654,86.8564665494879
149.67305251905907,55.86736928742663,1069.0727039345243,13.771754869983369,353.8102928702677,36.20467812451747,87.75204431760359
129.32557899960125,50.90510779351853,935.386865244719,15.28196539922412,53.106913794228106,25.80658356472711,40.84350653391195
149.1087996048721,43.51584026022077,1034.4853902622597,18.17725385608719,387.93862723484654,33.607729515675686,88.07932836050449
136.95530499495146,51.99843975876321,974.8512614724328,16.3908049491006,403.9786640545095,30.53974310863925,70.71572407583503
156.6967254883004,46.74321553104085,1013.1743607665529,12.717982980494524,383.8823088571688,32.51349160568844,91.92327840975378
153.66598246096848,47.35691659125121,1014.7112064506747,14.776982345714112,56.98294355962058,29.694015850092203,97.82024197709245
140.60120213672644,52.931820093775464,988.2796099841839,13.390067038294879,321.9539785338824,27.47270210962102,80.42765358375327
144.86133082663306,56.19141535716818,960.8117167206801,14.224600167182878,417.16239787469925,32.252618338203995,89.88648006508517
139.40786478111048,50.10635788368031,965.472947384187,14.172768668740714,288.67670060983386,31.963293081316863,81.3605486025501
149.37320902726827,51.54416506299482,954.1904042259379,14.04470883479199,323.2036876140445,32.91617089721917,91.72190015654485
159.55142320501238,58.51107472317619,958.4088895884778,12.48972925605321,229.1817397131531,29.960086093864096,87.1902761858905
140.14273953664457,51.20376589744284,996.6410854975322,14.74469063696362,264.3536599420263,28.20053393004045,84.02162211508804
155.04046515517845,63.008415570901974,964.2120005444624,13.87878472630538,17.18842917586261,25.323639014928474,89.25913226681155
144.6974238162756,52.827548228157724,1034.102603285631,9.141102619995465,319.4815109866423,32.45811980441822,79.28435602989218
142.07127167737656,41.19618620422091,1074.3623077667964,19.105944049003327,40.7236064455796,31.271668447331958,77.87905197294064
148.92969640045442,53.76670810552266,970.9973379314979,17.177539308433346,217.50729717011168,27.102652101408122,92.73116661648923
139.64757677580627,51.90579192441389,1011.9702250267688,14.247398550150008,146.3275488337039,28.38427898011013,82.00418622623755
144.46350694652818,56.44876377041373,1024.9842555151467,15.037638099481196,272.71397510585655,28.599723564145677,94.56372590903675
138.0212210741115,53.365906756349794,1023.6001135459637,12.656691305364877,66.70816776160355,25.551046704052744,76.48166028894758
169.6472513291639,49.30772008008113,1003.7977633958044,18.39144575562173,345.8217009866591,27.5469528101846,61.56685160438171
150.3526355197173,43.87850881855317,1037.1341209179861,18.794577389546223,397.5057684642352,26.598508929580937,83.39147016476811
143.00274492007415,48.95488371356987,1024.1124476340328,15.31338745649305,81.67722487157825,28.76256296433619,92.90439357839604
152.1397991073422,45.7473977289535,938.1168788836351,17.04706128837069,52.15654367594108,27.78390750501131,90.24785005428551
148.8767195030917,47.09738275097639,1043.4578032194636,15.350573557867847,72.75774139367958,25.118985237399755,91.23294406737959
147.79030400466777,52.942892022103045,1044.364541863337,12.326549122248139,438.5637809492509,36.067770691708446,85.91129747393276
156.14166700043424,58.34952252175703,961.8356947910709,14.176353262072686,264.09463087817807,33.75762219308769,92.77159721902105
157.57507710047304,51.9733576491149,1001.8968917723801,15.263855933543914,233.63049800375128,27.662941735440043,95.49094894769341
144.69498852389472,44.02058468982408,1034.1664496405535,14.090904562513112,53.35590955117714,30.81726418996083,89.9794054550572
144.2418175935532,52.2230133411007,989.534309021032,14.562693445129929,324.7780033784809,31.252395269463886,90.97044910334598
147.24948302848355,55.98315743322826,1053.6489023883005,14.817200884981771,433.99979594754495,33.57325756432043,86.79919181204185
126.98078835264415,46.95108547840309,1118.193624730968,14.838243004269078,414.0929346617265,27.544184920019763,40.0
134.8480893780145,49.32991416663541,960.7006983682509,15.104516980994966,313.0273544904006,33.27632035194728,64.83808943818926
163.66874267444524,50.07344097364599,930.9477698423112,12.878789867206798,37.63935832583682,28.356284087379194,81.96396789101287
166.44967713501285,46.0755084345888,1015.1909297802438,13.565967701744128,56.198513588006485,25.99241278749416,77.03239371883569
147.50963960443622,53.2414021692193,1036.0781252563072,12.430831468600061,24.65449355491234,32.17240967794349,95.38018910500914
155.76556963055765,49.39525925696109,988.4566813077615,16.9556310993724,128.73960824623464,33.87227527236728,94.0435993112734
153.11250154543535,52.09766221953514,1072.6630331660517,10.78870611631935,67.83073358018888,37.763726920592056,85.76686697312051
180.7888080845524,45.5625391109895,933.0697100138376,17.30718068663385,130.02402012621695,26.40082420472936,40.0
161.19574911434577,47.812708498382946,1034.6459311515805,17.772698794525688,192.52902785948083,32.096759055242366,83.7692073307988
148.72082408519233,53.61190678913886,969.7069589620553,14.395638826034757,471.49139203556786,28.7705962686194,91.9202459995203
140.44459559399576,48.13583423954117,1085.9688953103648,9.793725824345403,305.18802989084605,32.350076131572095,69.99026939314018
133.93553679742428,58.63481925616703,1099.625767658406,14.27737887606542,417.48689284148116,25.588531346306247,50.122720897946266
152.03463635867223,48.00181907192699,961.6671706108326,14.87163167742236,355.17575035616613,26.211690672904307,92.72378149051347
142.43649254715697,51.12342362875943,972.522143204571,12.978803560142174,56.251565263315875,27.67237553050055,85.75839458435226
135.77746290402325,54.66295415936545,1042.9793943489901,13.969563212383514,367.9602031869744,30.236892137004254,67.38074857129097
143.53427115757472,42.90817133533484,980.6434675105243,18.060390397726703,137.54944077956222,28.076756200384935,85.79291673346405
139.18451996385605,41.19595594009612,997.7294391033881,16.32985432460348,319.5539234973532,31.977163031740258,75.19674385359816
166.87141635072564,42.371718427149524,1001.2694210271205,13.1508717712438,170.48098682149427,33.080683854773746,72.6621408186843
158.8163975694945,56.31292051713591,904.0163421901171,11.804801660809137,498.83613163232957,31.79873262373607,79.4135364031577
149.92027358683382,47.240709270537764,999.3081126952882,14.345965364780458,131.7757397483889,34.856362918982605,93.91022427401693
164.79944138890025,62.79099642834126,965.5136112967913,14.573086441299123,139.56523538713483,31.24747988836603,72.65672825428658
150.77368307647617,47.17876200671306,975.3438588800115,15.992398374726633,465.33612778119914,26.3493098689795,90.24811294548414
141.38715798671737,50.922756515985185,1072.1816001734408,13.929366574864682,12.322202318161334,34.09012954061502,82.89851887399549
165.23124077269657,57.71054976283938,937.1746552860371,16.022999150723724,348.34449393659844,28.18453129318201,75.17012607937738
155.38910043684658,60.03046444079561,1040.6602593373989,18.87030808012046,362.66319536793907,32.73125549905671,85.12205033606928
139.62753845673544,60.30751788318199,986.0518534834096,16.631002044888525,418.18928870519966,34.721202649665315,72.74041129099928
148.0966132191639,56.04183115296571,986.0119915752083,14.903822985338454,487.2196553192377,31.3700640321912,94.88150072722192
141.24381746615242,55.12031262905731,1039.5185948025855,14.633699057893411,487.8009595783262,25.51152356050605,80.11151434644572
136.17200269035663,52.96263474600592,1017.0025647284446,14.286653731640257,32.63837878323195,27.245363500470624,74.1512789695351
159.26177547531643,53.89180538083319,1028.5306498609766,17.36128182490429,410.91966137645124,33.96823340065541,84.31368916584451
169.0941664047013,47.244071418357336,1048.409233026643,13.745373108097395,323.15496682869065,29.49263194307155,65.51549018326607
136.01432426180858,45.90900558288846,983.4345808408339,15.090445417999964,323.6710671865456,30.238720604826497,67.77317461933863
155.62969236690572,49.98312771294524,969.3881632746125,15.102395803762171,64.1749633073474,32.27647324849083,94.2636272918734
143.49357430878172,49.14907688737536,945.7424736721101,13.996431614376936,325.0935832228267,32.08896858624097,85.06660935219783
145.12874616235302,47.733859753363625,958.7294735010522,12.255068904231798,491.2412903006239,30.83639943715638,85.38106301097271
144.07606075761132,53.481937237283574,1147.4547212654363,15.645949007235336,455.90928476972346,29.373994886338604,66.545292741645
141.36009230320184,54.77652604285255,1062.2339790368394,14.877992056289234,219.56533040242527,29.061994662802928,78.92448166398577
150.48521627944828,50.442034431459234,932.4462816895989,16.00048093887314,19.97398664304717,32.57369647587403,96.04678086135281
141.69049883588963,57.38765040527631,933.8771021628215,13.932799387121666,181.1467450001024,31.66070859320338,82.89940347758572
152.7045682577984,44.29155442933248,1024.0933030859246,17.441642597626096,413.1951558002776,29.228099998146632,87.84116582221064
149.49761890550863,49.03170270360141,1027.3632398688983,13.24645243757631,350.74955073258303,33.246336938979425,95.21191621845249
147.6105195313359,46.41588839698598,1027.4441917658683,18.424080568035784,229.6718277969782,29.61289765461065,89.99173259292184
140.924363379584,40.667316914634696,987.2522103223151,11.504726980343477,27.55076757941555,27.44501347699682,80.5745653049647
144.23228669431668,49.586596570786504,993.727286999855,15.869540129113782,213.4473639116513,27.723087903289965,90.8860111077116
157.55391225825755,49.39126245808358,1016.3939762079679,15.950861365053246,234.51246985894176,27.063777491070702,93.18670028317976
155.0091718762438,57.567248716210656,1004.2946503146666,13.408885864118236,464.27776644706796,29.182769950188938,91.33351835814344
140.22444755201448,53.154058422773886,889.0349813626233,15.848787875722024,320.54305179107973,33.70117283500858,71.2932743923458
150.99332305429226,44.87906587835398,988.5100184712403,17.559037339520316,155.82645832732445,27.584714456908472,91.96281329628846
157.51387123371788,59.27046283167094,957.4296782869843,10.566362321291871,262.6591322253607,30.56542728305431,86.35315227930779
133.3059471887863,56.10516847762676,1008.7605709454256,16.00548961498163,33.02765391108004,28.02993196311776,64.95541919712437
155.43360192379936,52.910488517343076,1149.2629501301706,10.013458359339845,486.2841178248684,29.219072876185688,67.89484594133508
143.37376241054153,48.86757950575084,1018.3740832737152,13.068670392953583,180.029950965363,25.469876364044243,92.04472420373516
155.7059866859316,45.2028038163826,984.3235156913801,18.25833272980189,238.9336774565679,29.338385312530388,91.08608979342166
142.36740843457483,48.138966119644735,1046.0900750988626,13.836435933215892,177.6419871184613,29.418883860585115,88.02139111727551
131.9511789933548,55.443743098520926,1024.1343943604606,12.652240071182055,341.2558650581001,31.620863832107087,53.24481078276159
133.72457562116838,59.42293152967304,1021.004724522592,14.604124542030636,331.11607916479653,30.66984273976611,61.69183810322385
150.48084946661382,57.71621764136094,1030.3425296607836,19.135812676327106,357.6611552645678,26.404823625143862,88.28766192971494
152.5972250172148,47.55575289106863,1102.827178241477,11.336635505587948,134.07161480596042,33.25259473213063,82.93930889069098
140.95683374895592,44.401912833554945,943.4555782337043,12.897380176721311,157.834240582033,30.630909120665986,82.54063391531507
156.38592458777373,50.70443123455602,1023.6816038405727,17.994863366359255,62.62561554810397,30.59518055153246,94.07253480677576
133.3847993773104,41.157803172185744,953.680943500923,18.715404687075466,327.7549859230563,29.972452939844583,49.49461000403268
149.33920201352683,51.615838570923906,1027.7756323171125,14.793137551419433,19.898563667826274,28.44672765833334,97.01906348533961
137.88983800237543,49.261987068506656,954.0656744256953,12.521894594946716,298.84116776172954,30.653407019246178,74.8080949891799
143.4816389219784,47.66981749065879,979.1316593197458,19.19168700361832,434.84794242581694,31.426765307785747,86.4717432017268
150.47398671316415,42.026484663666025,985.2455042881047,18.188884783498395,445.4160741448168,24.759312925963336,86.5110550024185
141.39586634716048,52.568000532848586,1048.7908359672354,16.357893975524465,224.51888018498084,28.383717487961714,86.01295119633234
146.15444455770174,47.33649580169045,1045.9227221971207,13.37519530212516,229.65184410653688,29.23515908878923,88.20362408534224
160.0629280921444,44.15041582144856,937.7141311776808,14.901941318323926,38.484591504008684,30.768511817082835,85.9411924452007
144.2310813047685,35.63868893359175,1002.7467055499924,14.679279837910338,335.38251272151786,33.57993301778138,76.9252122681844
158.3569211206514,49.86242547474682,964.5210072625414,15.661702609231156,410.62971018642276,27.684777556209653,89.67648114904674
138.70293145342382,58.86125798334872,937.0747544662332,17.90200287626267,122.32752730235651,28.506114459546474,72.30666139115424
155.29804177915284,58.30629607273935,989.1491474787815,16.758834082274806,210.65044081668233,28.46239766806035,94.54564887443733
164.415686206579,47.71451871706864,984.575860577209,12.845247846030484,419.41966838263517,27.595417229686376,77.21684660291457
125.28355499872711,46.988939698191096,1121.335824317276,17.752992900039075,438.560233831144,28.958440514663213,40.0
142.03104744529523,52.34387128037512,1021.6479912680348,15.62626428002631,121.58999013211297,32.31240665996391,87.58375394159161
155.7707212718054,45.00807280405854,931.1191249622882,16.374131591717834,275.2853172706821,26.83849351390696,86.05663875408005
147.96954613957007,51.50895949909733,971.7612997914529,17.933081718557204,96.24657531791352,31.283443185458708,94.49005254392134
153.7114587337131,53.83040139192345,1051.06916477147,12.776839500972898,50.93938206977827,24.89429330994499,92.3064472259879
143.9601481328418,56.13466611942154,1104.4221386434963,14.928348842587074,455.56025069597877,28.31598601067338,76.14347462237455
150.865897874729,49.499229617600236,920.7008343881021,13.93709089728157,410.25375211605456,29.01153209934604,89.10772734397963
148.4432276460792,48.98163124911517,906.0037807430477,11.864281149269088,380.0174509015869,35.024579018742195,81.55594378539664
161.67782061659807,45.6100870662172,1093.5482587685892,15.69341995520984,24.383159406570208,29.175593085741937,79.1575911458074
152.54420843301213,45.865598229800696,1019.4807088685452,20.023113103168846,421.86439635512875,23.396269579647246,87.19230853170825
153.37602662075201,48.86760554049236,956.5853634061817,11.319844510988494,219.02203795269187,24.00333327941625,86.86457739840901
145.88123033877534,51.83682753408089,1026.7314543061218,14.935438777901059,171.19756164792983,30.102088759040043,92.35068944270648
145.12393775927507,54.567923131166246,868.2126130491561,16.281085870149546,273.23818051268825,31.841312567369727,79.42782371824616
145.6744181218038,45.984105246598276,1000.168775329858,15.246156403312362,45.67662136177791,31.126367572881758,92.06897498675292
153.94452142378296,57.46344284479761,1016.3910586421542,14.773743894968518,378.3232746761994,30.502710317402972,90.73815994191943
145.79015519179737,48.64438199478715,1046.2135069768915,12.401567273108352,291.2175384441479,33.486778792517,89.72129265290654
152.89774856896412,49.89316352825782,949.3052023853731,15.465573485880327,93.29504843658376,28.381226337788604,91.89560315373393
170.75400798645438,46.263941604260886,1004.284358070168,13.486472045968148,94.1160998845228,32.684731668080474,61.09820965865787
158.71124703431693,37.87879869863529,953.7287686970207,10.620156590042892,92.12432578633711,25.10395534492075,81.88326890528434
146.7397646783216,54.42022698180525,1012.7691877837159,17.38918444102746,28.501193775966993,27.285156501185803,91.23148088602608
162.01213922163944,53.684219485462165,955.2326838818487,16.916771639684086,293.8992246858424,24.57887581520455,77.03475985114898
145.91924626978448,48.593362214408934,979.594958041989,15.10332195370216,420.17408879425403,29.175464097990623,88.32625807593556
129.61875464822145,50.33495358612436,950.2092302604885,15.458149376411406,8.7491069936943,29.861216348200973,49.07207236880076
139.91913689082597,52.5796960885205,1032.5568120911828,17.148636025431124,24.502322485636775,30.34230447667956,85.29004227927854
131.29208078974145,42.18727071556729,1042.9225558328333,15.448679313556164,286.3851383434729,30.185650058661405,47.4599143297804
146.48486515958692,47.35473661326853,988.2689715021293,16.808035109522628,409.74784269302614,27.217340007564815,91.99714300792469
150.18418379189552,53.971323398109135,1001.9118997480014,14.405035598252299,163.36944528431678,29.429277466760354,100.0
166.76437312275283,43.72855288415376,927.5704292683228,17.623967477147893,174.8071994038611,25.507659994182752,68.74305665271936
153.26927373764164,51.46778966083315,985.0161675996607,15.641571451865367,298.17324874838795,34.08968692539675,94.37415807596332
147.80899471191137,43.21709097688297,997.4897691479127,15.388103887211749,137.1064445620735,29.089121781305998,89.12145984614111
158.29405581183488,52.33214991216763,1131.0396545514986,12.459877822575937,13.304183038842066,28.533341642868926,75.49801142523991
127.88864690992115,49.82179258851258,944.4016487112918,15.573911708603417,367.614259050798,34.766820985332245,40.0
152.35614558108566,41.92434092047245,1073.2088619376218,13.336090165011097,312.82495647072653,26.273260399352313,84.92069402915284
157.70865193886968,55.82369677228586,1049.8429386732903,13.723434546943011,290.37799952782956,26.623238657904093,88.34773385631571
135.21413754220157,46.32704211600976,1014.0318202245069,13.369248743367757,370.8420644959116,26.711339025394306,67.45073292480835
161.43754043206928,45.948737814928094,1087.9310242097567,12.86753013620155,337.6154187810188,29.796385854901555,80.3447268071669
153.38496407494415,51.00284598615472,1018.6052736303432,19.249542806033922,102.94099408916057,31.294894888912793,94.30987550113224
145.847120860992,55.743186747143575,1019.4579597833964,17.662678123976807,176.24052347167557,32.2190264043535,93.23489034591395
156.32781866106285,44.92089090510802,997.3439673491227,18.840735004288522,63.0550708393125,37.71598595248491,87.45304471321435
172.70692857804397,50.308399249239855,1061.1784441209313,12.554209960888873,64.92850670894052,23.25170263739771,47.08499064754026
151.81866255058495,52.14408250165287,1054.8234616905443,15.142507499821784,338.0978731782696,31.82620676737325,95.02019827189612
152.48220586300337,53.46552803631572,968.7161356251894,12.412984749591809,429.3000534912491,28.328608282283305,92.92774510844325
145.40639100459757,50.882207776386124,934.0376402700616,13.608610245605872,481.3662919305695,28.24075455333368,89.90597728103744
141.5015563053521,48.16486080458339,989.8509681302171,13.16374603316685,314.1735587747222,28.140683615238366,81.43473504892476
158.30335816544246,45.8620488967564,959.9980717801177,17.47916801288312,92.05066168047848,27.27369098757608,89.18330694020848
141.43916174091132,50.43071941523188,996.8237712692322,14.20754064379648,52.825172724465354,35.05357450381035,85.35982766442135
150.71566237219392,44.639304940071966,1061.871906734207,17.136758667388033,406.4254857683789,32.52689198104171,89.24697745489941
145.22342553234884,35.39324758252697,977.1349172456605,16.208241779177037,289.37823817999964,30.069587935672125,82.05614049299733
154.78979825746393,52.18279902078834,997.8588309344212,19.607277504209577,309.14251050685994,34.053047257461,90.1188246402976
153.33662105286948,54.519674205430974,1002.9011367404198,12.041111553720551,390.73104437735464,25.462413104103373,88.63177910202472
160.37539944257898,38.185337822290805,1042.4215441102642,17.518466479573597,351.6386138662258,26.00788460600722,78.28131111719031
144.89983601145252,44.95134647645031,887.6555333007698,17.292881740801455,417.22912642804835,23.466096803415937,72.52515329755155
147.3012506470663,53.09577130502599,969.6649852617352,13.05324232394593,28.106952729939238,27.901756379630136,91.28932689955569
140.21236284217693,60.2874773485585,1010.5641846139737,17.01426667294632,373.7603183732524,30.48509558011426,77.1004999827862
145.5570673992389,50.10396853837704,1060.003947821343,15.672289926052457,425.4263786610477,30.308575733797003,84.67378048179337
153.7730049304485,46.35998529385433,975.4048776246898,14.545047480093185,143.06752122915717,30.44802573317964,95.18279201121291
157.56988616645353,49.0855177944758,906.1723646979062,13.352129026056001,320.22363699662645,25.766829506801756,80.5678263414351
140.77834675822373,56.87438209574093,1030.9855722983068,13.561781097101628,157.08103191848605,32.409464227842065,83.77539847938479
158.6960592010566,46.77017910437732,968.2318805587186,19.099624191571852,478.985533241227,30.718882554716995,85.6432385650669
163.5563785880495,46.004039966748735,940.5166670454819,15.001365637914965,16.71178621775188,32.199162844397996,78.6368317025958
154.134349032237,47.58628238908984,968.7827305143388,16.56426000306292,289.8964219164775,24.321713467229845,93.13475615085612
168.76795812558066,45.23335695870644,990.7737321172075,13.418201236664894,83.25177352475754,30.934472576393368,65.84785466430209
142.26210800896428,50.61335157997398,969.7627667730893,13.440294107556722,356.1101025885793,26.43670428024742,84.93846325606913
137.55345296688583,58.1233922923478,889.7216971450465,17.163969618499884,87.94514170933104,28.808030242345914,60.84518306594845
132.21279751095722,51.615396365580146,1044.8533098443565,12.300847576896935,117.69163094917879,31.60309469590915,55.193560231842916
164.96044311489183,48.73823248936856,1063.7437520639362,14.169572464189457,247.18540552287905,30.273280818767738,77.2749431075802
156.54365656354057,48.54094365542228,1032.5760995669752,15.068054822144465,457.41747499843905,27.445380060662043,92.38715778789654
149.44415329089546,42.18404595651671,943.1157164787592,15.222745203680105,105.85718607398542,30.018819468553254,93.83029854737049
152.7996862631982,54.415548885735795,989.9254233026242,14.641813429967687,72.12001055905176,25.40539405426907,96.22884697449305
138.74510952701624,49.61081401493599,999.6739342385271,15.791639562191847,379.4884159270153,33.45080218769489,77.8360650044958
174.45751979616827,49.097600432046875,1029.9397194780954,16.385711511635623,250.3097661669655,29.384147941511245,44.68809849126789
151.29221181975228,65.96553783922431,1033.417024435904,16.46927509091866,455.8925561908857,33.35564983276598,81.8821016909413
151.09394794604893,51.49376454182843,963.2913100610753,13.028392382664347,73.30727857992115,28.420404938711872,97.67712881448868
157.25766623898693,46.24104474952408,1004.099777820678,14.431689804142406,322.9639465115197,28.42927203478025,92.34893055012174
154.81009231736712,47.86821201897229,1022.8640202307621,17.389525723753877,116.43957307590752,27.70743964008646,91.75772326154419
152.23884024279133,55.74222854598378,1072.7911161073384,16.789294375147744,78.38021432581965,32.62852179507922,92.11922446506901
142.09525544554688,50.56635205268882,1035.2253269912362,12.254281097037872,341.7147075786353,27.871706528014574,84.29059545217154
154.71468357135996,42.80861010841316,1039.452834368776,15.702959800704404,296.8423099543666,31.93378629724553,89.55002626034691
168.82024496475034,54.596144672876015,1004.1913313964681,11.043549501250379,377.4137291811656,28.85264280699213,61.438501521688714
163.4542004615498,46.65927957230503,1070.5229572601752,15.09386980412074,154.73128822309118,24.07211010032514,78.8532442308575
165.93186626639397,59.366488881087726,1020.4881397979749,18.795534033491954,223.98582819109498,28.289057796640602,72.23972424895688
144.88784323568814,55.40024032857324,956.9456044913214,13.104214565462028,202.73583816520923,26.462675356911454,87.66434840659052
140.1039517974142,47.76339052170624,1070.1684985062595,13.331353909016835,492.0447319832571,30.10170817104701,72.64857999107952
148.74213079900352,56.40508180867556,1034.8951636269514,16.528059563145717,146.12447836969395,26.428776792976528,91.41297974876223
150.55724912288696,50.339277552637014,977.8477989435759,11.914396969580707,147.40861917338344,32.77792530214385,97.73451776253523
160.94191518470947,54.263868375611096,976.0253516300378,13.734489940229922,177.27410441430368,29.726772418940918,89.07160404402924
133.0753537028518,52.42366408647237,1014.828777257038,16.192882275163505,282.29704064516073,29.46721201572378,59.62741817773729
165.29550319460614,45.76821672504563,1023.1592397633792,13.731428304621193,126.16137213187261,31.96767641336275,79.46676614709641
148.4199210142101,46.78225083841269,1009.8646132815603,14.528060025578057,457.644970189637,32.89172080222759,90.64552598636823
145.7311893005258,55.14980408790581,1015.5654336721442,16.48837142063007,132.84278243313173,29.939703744691045,96.19671959285323
139.87895624739832,48.326123339467294,1084.997868728819,15.843092167073122,447.9078657800973,27.68639910135213,75.27499794625702
133.4514332813423,47.981757683790015,1053.5771576117443,15.533636792590803,51.73753182329233,24.67809115166361,57.929317631708784
158.23170583961914,45.224387103253235,1009.5317795632512,14.321755441459922,328.28135119982613,27.941850728894458,89.30208921003683
150.73317967188405,52.11799532796731,1047.0655290383743,15.74012223053791,453.49275921912187,28.148363260056115,87.33825088982326
137.10039100258945,60.31262459621573,948.373804823623,14.752534639800487,84.37471919911476,30.32117235897689,66.96918057612608
137.04921227936384,44.66233542872864,1019.8963524973404,15.91561121985157,484.1634800496275,28.96455935658592,67.4477733354529
146.64215300709873,50.12109728336379,1090.4653174866555,14.006135949764044,226.44168020775584,32.06379891615428,86.28923452603395
166.69021525289392,57.061102777077146,989.0977052303813,14.634862051240917,472.8575542205122,28.161050186187932,70.71816747022142
147.40408648636395,49.60179304377142,957.6183035690458,13.020084414895972,338.4100218150235,29.828876499441176,89.13208790747726
134.96857046881894,52.26185898124867,967.3955555703469,14.929984779987528,150.79343493677578,33.551962329590665,66.51749011186045
147.54256935914054,44.688032359265605,945.5183481328805,13.37799827274231,94.1512624585532,31.0254756418649,92.4906577639968
147.27276430252329,52.141535486038244,960.7619045936149,12.771907099676014,151.8675231125497,29.819887374934307,94.70142079007542
123.03113357058429,49.06427867497726,981.4745950704986,15.517322295710777,46.508704631337494,28.19416667419447,40.0
149.45705133482187,54.928649978399314,929.7216490410678,15.42547955171532,71.93398317166488,28.10030580985507,92.26962289840424
147.69065469791323,55.936930257823754,1000.7809166974802,16.565747469897143,52.33022017324057,27.44816024114416,92.49219505825786
156.96206364813418,62.94781821009307,1045.1138586893323,14.137748860849802,211.47177187077887,28.3769794026513,87.64163887451167
168.48956094945345,52.89816586606788,954.612190992654,15.816105693673512,397.7891881287932,32.26699751623294,67.51250055709257
161.26565029547757,51.62898158291083,1075.9641961820885,16.101595144547325,70.6917771081701,29.334335186123194,82.83444690634674
147.31111309445168,50.97192150788668,1025.5396044263798,15.88954761566319,65.16021658616793,25.950680791856307,93.1674729766428
138.9347409125833,48.23416853594656,1051.5290292812028,13.348692634395716,321.7144747586654,35.304507879179354,72.39334601907642
175.7335980324986,51.692419217308455,967.1082723073931,15.298726964542379,98.59149098403314,30.95989557343549,40.0
150.59218434014488,48.52299294930485,1042.7262613533308,15.728280592109323,48.8050190544958,25.779169798460494,95.96576077423863
150.13929291912947,50.84230488134807,945.4033049802343,15.014356933815884,83.42428910278882,28.674453218277527,95.11605378624485
149.75874912889998,56.587987678039795,1044.5123750418254,10.827044683257832,461.86569793838805,30.332659148485252,89.7829633666584
151.98084760767856,44.9672871736018,1008.5919669896765,15.32097924794696,410.7356263880954,35.11377627989213,89.16660920013834
148.55639588076056,55.699392805645225,1027.662560999239,19.425062078794483,177.03228117754705,26.675662625223392,88.9148016622256
144.26337993119765,56.58557533669933,941.2202697187574,14.279921462486035,327.9103836636964,32.928122158067836,81.74623479705801
144.53141058759607,49.40965736504461,955.2465078861698,13.543845804289358,268.637836834019,34.19845928091703,85.41094014066462
149.67246729784003,39.390725504957025,1029.8614109126693,15.746697119422796,338.562131741282,28.11403708477629,85.61101033633953
144.56575228866234,46.96089006452784,952.5825997887899,15.624756420933144,341.33557623137966,29.1674591434193,89.84028085080755
142.87154217322836,56.484972732805545,1023.1603146049562,17.385470330832828,314.36700752999644,26.89107225787869,82.98164862067097
151.06430227691897,49.88565968850559,931.6431096769877,12.484263688182224,133.0506842686543,29.389616576759085,92.79249670232494
147.45022782579144,45.00348883852545,1042.4087106333334,16.462760505149983,19.503210381409065,29.890230076971207,92.9478537589903
165.0399298858269,47.476125393858915,938.3738342615745,16.180844122502926,227.7833909950544,31.97894999424711,73.09008662338249
123.49030191606988,54.20310013252276,1027.6149968839761,14.715706926118909,445.4869423453519,33.27055041306134,40.0
160.91506851922463,52.7336678410069,1031.2815466823001,15.67737463584338,284.74862925928795,27.755711806135057,88.67861009973437
162.46085192497628,48.805339504151526,965.1614090785213,17.058914963196713,416.195520850954,24.098024807322016,76.69387227214602
129.2660976759185,48.16587794092656,1029.1013283542363,16.7446307600569,495.8121714806141,29.936265662171273,43.1194191699322
146.57312405919652,48.04120925478089,1013.0221131666779,12.713961375852543,81.80810206913813,30.880612589905923,92.8073389520717
146.2855913400421,45.387949077507486,973.057907190363,16.64031637351097,345.88881957099113,30.748253063055124,89.4149493503699
135.9248830528218,58.07687844734721,949.5722657961896,14.870622789934963,337.1467868500123,29.019980257472866,66.70250152404674
142.22183312409123,48.3883976539433,901.8687154163711,15.14574819603103,489.9777236791392,30.374256298991803,74.22306806366532
138.8942415453417,56.085792604127484,1017.4825023649847,15.146393982003389,492.8003669764002,34.54633442505674,74.30095146213247
167.52270443423623,57.60658025961226,921.7598614318972,14.69951402240348,343.33930586206475,31.14520250688753,63.38871832632203
159.3567839314746,54.9915544907398,1004.7672099720654,17.383414994214128,121.80739599109714,28.87989472499075,91.54748642887206
162.7155509499416,47.84189843640976,986.8275891958875,14.832564080301577,399.2779190652995,28.499406548712013,78.86046167348486
157.21672064043236,52.018650451683044,1033.9571387719097,12.760907743233663,53.51456710551905,29.490442926966807,90.85043189585689
138.7094822878277,49.87902196804542,984.8977250255068,14.212940288060542,390.34965208581434,34.91021988549192,76.83882455824788
144.75479733720226,45.48149069634936,983.5276106826454,15.357389433620952,455.0980620723482,29.45009787142141,90.42426449497275
154.8937456122792,51.62179640860801,1036.5935352144147,17.458429568594102,191.41669738421763,29.940616966437876,92.85993707084472
137.77872191108054,44.10480104420099,1016.7529014542059,16.20618936989767,315.31764749154024,28.55305928719109,72.97610133151811
157.12998430172388,55.93839694230782,1015.8077978591389,13.298929442505912,215.07136604841315,33.29695007232589,92.67206007432637
147.59674601841866,47.67691351350803,1023.4633794904263,19.970379833357782,218.88252749406422,35.879511764234024,87.75826900265196
146.25179192450403,51.0057982793642,923.2213938396447,15.52955062195596,155.18544455406,31.351839148294165,84.95481367774003
157.1095996820349,51.41643935773071,1037.839433999349,17.55078147599803,381.0648102251623,30.248318711356276,89.05851321450216
154.4426331148604,48.705475131479616,1030.6234397006801,14.696571132845541,468.0882820832526,30.110348499522704,92.83664399375313
146.3903383418092,52.933469007376374,949.1658435711752,16.0667184894109,470.37542961723057,22.847079633642764,85.4406644825327
161.59329803364247,47.62548171688738,987.79597631629,16.678937009036808,87.39064243746691,32.23545259285445,93.1380202250612
139.18936672400102,54.35648648728622,998.0346356186185,17.436389423508512,437.371824828283,30.40249924798753,76.98847582170626
156.15935606944265,43.27010159876626,993.2751607799133,17.11473661075645,368.71572071356104,31.285026151982176,87.67652224250712
155.93101257968385,50.63189789773206,1016.6929983284267,16.744394000145956,126.41870034514463,27.865613417748886,96.64548931591193
146.9045356068601,59.694644995291426,1071.5683390915592,14.369826537611782,33.642306460757275,28.846629363068725,90.59487293511327
153.26133022242118,44.99834337697213,1054.0883363836415,13.856507916087878,133.99863344218898,28.766925190490483,93.5768420929725
137.48886423614698,46.61127514737574,934.3890403284297,15.665215020648395,456.10411839076284,33.064868952219115,66.27266791529294
159.240270192069,52.569539248294575,1031.1034995153025,16.86625614468214,316.5893374478861,28.86372049019072,91.59164739641561
148.1509786355701,50.89790890969799,1066.4466659767704,14.554558598446786,360.5273304489359,36.24798096632939,87.8812306131543
144.77276979480962,51.753150496367795,1019.3404260344602,17.130343931428772,128.57617555454792,31.292587257045113,89.96162581453564
160.4900922583689,52.44593565073832,1054.5490212592983,17.905233490972357,359.69407778741015,26.172952020012804,83.72490563445596
142.9565630945724,53.17360734280885,1100.6135222850382,13.16735816185316,14.060753138961879,29.61436112024413,82.62965223110244
135.9153870363644,55.54849920978111,1051.185477305349,13.32615859240744,187.6606728865069,28.044974633530753,70.01873916730378
134.43370826476095,52.04909328464257,1012.4654297820864,14.719249882189327,313.3766742711656,23.416852590539925,61.31591089107219
156.0600995134564,48.79371172690729,1052.2544237042378,15.615225336378392,73.04828277066011,34.79841282034137,91.55283027781053
137.19570647503718,53.362868506013655,1007.2443916548445,13.950865972465898,411.5017872234674,32.109427626660015,75.42607557256028
167.54794181984366,59.49940967447608,1001.1951521642478,17.704405357734288,117.51564940595932,31.599621953697937,66.8986056799661
129.18070592116277,49.33683126808713,982.4292882143134,15.848133723036902,326.1405564092231,30.496210980899114,44.92820967172092
166.96456368290038,45.12735347664679,1078.1706679416054,15.078894096481479,202.59857128766484,25.853947293922687,63.28487206473803
152.11017467202618,55.53540334643486,959.0785667028999,12.128180952262944,298.0217977388236,28.54914858133369,94.58629692997006
149.03286888129608,49.39809418023201,1076.6183862339058,12.368368367144985,53.725276314454064,32.52534232435204,90.04475488049174
144.5508091319105,39.13665226992982,1024.9932061870186,15.562018500563612,8.456399960803662,26.846339910652492,88.18421653411974
153.99136114352072,54.23710838575211,930.034691259903,10.734808747690327,454.78221369015057,22.404692051247558,81.21212192587072
149.62365297575153,47.32335907023039,1018.382464649571,17.025274819288143,134.8150043835914,29.31868197665722,93.7601405015375
161.0330188201652,49.5473335884792,894.9986746174188,14.68369231125536,409.8385013902295,29.574727337917384,79.42244143794628
151.1422764866204,51.65990165284507,1031.2754008415518,21.48618593918947,499.6751502361001,30.40669024924413,88.60158455715207
151.50301761461878,50.95249839889533,1044.2615741494496,19.61583250123222,105.71562899945557,32.18555593054361,93.98467037133358
146.36387787786146,53.547259085695195,970.3822022173973,14.637101861504966,132.5853705916778,31.912817436693626,92.38051685207431
149.4305437627893,47.82256814715078,1006.1773847977792,14.78732599493737,331.42989381733287,30.776309415731767,94.80118719832164
153.0780176889206,52.565528990880416,1097.7078716875144,16.99116302800406,482.72431730031064,33.58659416426013,83.59871499654918
132.89831607343373,48.702266612080415,974.7126647869031,18.406345219836076,457.90717409537194,25.443090657560056,52.225466492200184
136.51814577894288,53.694052404437514,947.0546206471699,11.723941885127967,251.43776003279245,31.51374544343217,71.35977153852927
157.43264094022715,53.07683742006527,1074.08317012313,11.427249069290626,397.5551412633623,31.879615090010827,84.75155886207689
151.70865438127942,45.32280648977702,1098.1293595265397,13.755930388891237,67.87292654995053,26.28131314175928,80.97278387019416
148.1601666364732,55.42991058087516,1000.1847835923924,16.16547516634773,488.71909210200613,25.49138817395283,91.03142461335163
150.18433933065393,47.32018277442976,1050.5731517704178,15.993747181015195,482.17661701799324,27.762173620573197,90.21926686648956
153.4758170536167,54.040288991405724,1067.073795776544,17.1395429099677,81.86447893958548,28.015375672454123,92.54323441848865
144.60240319690638,51.8364365670067,962.8757883730808,12.600604943269383,149.71156240155332,32.26025839050729,89.21771727600888
142.21695274597687,59.190918383975614,975.7347082316065,10.367712274062246,50.077498753383466,28.156383648926717,82.96764486481266
151.9584525509768,48.88267008814074,1061.5437256577368,16.71602839060429,135.85879944908984,27.430954445156388,95.6198802841882
140.21627222384967,48.25341601940901,1084.2507139354254,13.34360745406953,407.9778947076033,28.16509878991632,74.23992087212932
154.08252755714472,49.90290197056134,1028.1440430087177,10.963024271222725,189.15780358262973,33.35589700246263,91.75820005002308
132.97416395762158,48.48410108582862,956.0092823248973,15.290127491918764,44.198483573379185,30.039130123130857,61.00843852564724
160.29155637325644,53.99970950971025,1099.353055584972,16.586351376437356,171.11276238945229,29.462246923929264,80.59991841398164
154.72597482413042,41.91844695781706,973.4514551094018,14.755885735757445,490.69166712064003,29.669983503896844,87.89376441260606
152.56029734313876,44.73158790426823,983.2431109414274,14.084303227635022,314.84179762960144,33.87618100297957,94.06242513598659
159.82690983945514,44.66098539210404,1017.1168917244811,14.681275535708187,208.08047320307887,27.752484820190276,89.88563535475552
166.65474444462578,54.751537959867875,1077.7080210357387,14.258834475198434,83.269256748635,33.94652487282031,72.36242692762089
160.1437006501813,58.553066862909624,1042.6987988276112,12.303905776119667,493.0883986418474,30.631488896764512,84.77853853760028
131.59125768668355,49.47775390731264,1020.7432750180956,13.570638646019136,410.4245046315644,29.51874185407396,51.894808004204485
137.204230332643,49.155891384049944,1023.1644265059053,16.04255981002763,140.7386512254597,37.502701493802846,71.7886635850885
143.7518142230432,50.35026081556591,1002.1757334321733,15.643357082753,35.03434786059473,26.83308153060421,89.83293210136281
150.26091050210835,55.80939151304095,1027.9069757259253,15.33611961193364,28.312778688779016,28.938942721298982,98.73580202279959
155.17659020469122,45.36323432904713,873.5219961152849,13.00970303629324,60.18907475276691,26.302706282507998,77.6112120098858
142.74256186846534,51.191844913673926,985.1696270465101,14.636993675728666,290.38429180721084,32.85738591160851,85.41503423069473
151.8676676447708,54.87598814891215,1012.0660967458391,10.64586990711429,464.3817106027462,35.067566800955035,88.65805439556922
142.44617067646678,52.50547084969923,942.4492958190247,15.35695332777078,248.37171400299223,35.00976834421392,77.07891643174054
143.8848219700805,50.94790808299372,1019.316165890578,17.857715415627133,421.4727412280986,33.67184625943801,82.34290707543906
135.93338903151778,55.005230462835705,989.7764389506939,12.051735735915788,222.9433099299039,29.407138596612103,68.92176867980892
140.76766753889095,36.48383853500381,1087.7737849157745,13.82814465336449,354.29177288391264,28.90427706753046,65.37054218524786
136.48315394383667,53.38937659765454,1078.650986260743,15.65821355742026,365.93636864325043,24.986490682517804,62.45313736904299
140.24126747022666,46.72962158436288,976.7097215440918,17.50568526885497,86.98185295166932,36.10762060554538,75.70429146174281
160.5364179660784,40.846835515717714,992.4581144216652,14.103550767399701,180.6080294879059,31.4069342344454,83.70120472203268
140.50601111168058,52.556012997624904,996.3026217195803,13.615499341468208,318.651078269012,28.524129285391552,83.64881253539734
176.3238206483739,56.86829272581479,977.4170261920189,11.062153715167835,35.34830409218309,33.9841706669609,40.0
154.9331790088089,49.31275742686154,1009.7512492014064,15.206876258616212,180.7700938814783,27.08170644972,96.20186939836675
151.84836123694873,54.76437273601469,962.0858965556205,19.084152080287488,267.39973314059625,31.21986610266802,94.00649948062122
141.41642219818786,58.06139128994323,943.4692332531237,15.554716923929352,498.1122465223193,29.482112597127497,78.83520682717602
157.0030987940899,56.57457226792024,1031.1355611950135,14.955442041632573,237.26678131122037,31.916031419640902,90.73859043275141
144.24362173762225,58.199822646856965,1031.4764792110905,15.644164621533971,408.0283785571618,29.809279382441634,85.6733036345372
151.2200981464536,53.71063745535946,959.7842120170004,14.977815992102796,216.03364253330886,25.647216326666328,91.09364819959595
175.60084538268794,50.377168194507966,1044.76777153813,13.37397125547974,398.19536130985443,30.226729118010113,40.0
149.0394010027535,41.99017094051416,968.4211135417335,16.64655983135541,297.7074008100542,33.14659242562609,91.78219928914318
161.49273326285675,48.76968755935026,1012.6582619018991,15.451523046223508,443.29772075119917,29.912350782438043,87.47591535762422
142.96823574874114,45.78376702341904,1041.0172006306227,15.035226503867314,205.47127617505495,32.32534536476726,89.00819298232523
149.65011509503037,60.85471358748907,998.3193717648144,13.0492679454435,302.15220991073943,26.86341154297784,89.2170281761899
167.7080063563551,49.120570937838316,1022.7370456070568,17.607015863869517,315.0093403094137,29.921217620190443,72.81444688465258
143.73032942212234,50.61602403392243,974.1785178056214,16.32940549066622,208.69147090023665,28.126468634734266,89.3091351022131
168.1244855799693,52.75742688020234,990.1766708285951,13.894158325265396,72.15602184374076,32.24094252031413,75.22402166701478
157.07751935455477,50.21801223186227,989.7070284559829,17.003649707363873,46.77970345616777,30.094474686785986,95.97003370767625
144.37533224105732,58.47525520215376,962.6710826729881,14.004858323229586,8.33577529981655,32.070221029009836,90.70348616324661
156.3240773905552,46.88675319132774,991.161291844211,13.435993014977926,436.76713212260734,33.2631312784736,94.23470000823188
159.7255444962673,50.97303727618621,922.5690850568127,13.480593765039426,118.23745611934727,32.074855725364166,85.57456177742559
156.21809962217196,46.28764707150976,975.4423126428948,11.457862893823817,105.75337464088402,30.819355302880933,93.31013290493499
134.29775280109544,43.399887443896475,985.7562253315165,15.943084760836411,368.01770021303275,27.005363224465786,63.39495688412863
142.72862824175132,46.94115454547357,987.191012375231,11.3377102433233,160.0080565436959,29.991641667999296,85.86781795503661
147.52481364448496,49.81481601475794,987.925127706461,12.543112337468475,253.0223462059183,28.4007287939525,91.14620085011154
149.25566570899954,47.8534888774137,996.9117900069936,10.848823981842934,81.25553264872815,28.96780812988732,98.66276358700043
156.20672097550678,46.53789510063072,1023.9720759043032,14.827860614418213,479.8728607309846,28.876397547749246,90.78973825694449
151.77701000933254,42.96841268164083,1043.7258537066261,14.699359079456256,425.79070000861867,27.060223275653268,90.03505691167828
136.64655641289897,49.584472136856526,967.5117386575866,14.346607573627272,431.89481148250167,24.12798423259803,69.73112789439816
153.80197851005963,42.47639812984499,939.8399572305427,12.914844610658847,203.3868742860026,27.995570855016698,87.90126238727194
156.10585745283822,53.80027981844801,947.8977793878448,12.65553249312672,381.1806068535864,30.580138355772476,88.24697018757836
155.5979044793104,50.41219876467252,975.6398539402536,15.928739727093149,71.93807769489008,25.955468863717527,96.07457521433975
160.8078072555462,42.712242502675345,982.4039341091745,13.898896136583025,4.309501295890139,30.04704670941487,84.62633029168072
158.33922154548904,48.453954614750685,961.5001966901272,15.632716643072289,9.986466289014063,35.7008052729329,90.16941384693433
154.59180079228437,46.239217972047086,935.1941667875053,13.229502627751556,293.30086870228024,33.06916966575672,89.98336477992191
149.29834288541352,51.595872552095905,977.1939586262906,15.362125485542165,227.6974526239704,34.93062452736159,93.45802503913619
133.39039066484008,56.702252230115725,1009.0713310056985,17.606556074632127,259.00767445425987,31.173383630798178,56.48668250880803
154.29618219132587,40.62413765177128,1029.7514732917782,16.172331600785565,3.7315702086097025,33.50252946895934,94.85407526371185
152.0768768716311,50.575130395737084,972.128847344584,14.17517236356704,211.34330982871285,27.82810580859664,96.69944478106935
152.71578837195372,49.1993360221668,979.3501088928283,15.514397940711854,359.0340806004304,28.066979198934046,98.20561259936834
137.2325142417969,53.35670038225233,953.6650845576345,14.518669650939573,221.34685098371793,21.78257938158758,66.23503326131595
139.18943459591736,51.06598314118845,998.4280414812612,15.015760369389456,366.1096031561111,33.558436422126896,76.89883601061818
160.53152853332904,46.240153341305906,957.5785682904593,14.348777895702993,116.50948219841739,34.62097193945966,86.94202801567174
149.60444846143346,48.40473032166691,1028.65639066206,14.671329588229218,406.57100224086275,28.34046826395819,93.47387964039405
156.81500697372624,46.019870715982556,910.7066754032944,15.424186706148351,294.2156202267262,29.238144880808296,83.0764802696393
150.2831837613046,55.38003569299299,982.0185163773768,13.0132826008361,105.38154971495311,27.738413658927115,99.0075513511745
150.29756139495746,50.106558243359714,1015.0553669595871,12.968242346020043,118.36023792691647,31.147960654432474,96.05806227232195
159.38283805976,59.50595342876504,1009.1917258161252,12.222914892337577,314.0152322847685,33.37479763590972,81.34526886842804
144.83955271782625,49.69669593092689,1134.6516831990248,11.79945779099258,414.9697966062217,24.771684078356877,70.38120492664153
150.96120776940984,46.45796616544769,1017.4900012283954,12.565434615559042,207.8138910145776,31.22831559192676,94.13165477615468
145.3772471129496,42.43142803693586,949.7972701578994,15.318925013608258,129.1502145637961,29.169984684842564,86.82619395572738
145.65503772567683,40.98430161872027,995.2267876455463,13.214424969016232,433.5058034553002,30.34018317590007,82.42058980813836
146.9082787653136,42.07932028497255,911.1876833266774,16.027228928462193,334.63414587541746,31.376982005022874,85.27577728096692
152.22133771633713,51.33563325505742,995.9700125351619,15.069427497505124,224.04274364153827,29.43539268368154,95.12099688999014
145.21251378336524,52.54362511614967,958.3471971499621,11.062991573123892,243.95009763965092,29.689239439782657,88.10664187745219
162.5575612557352,42.094046489839336,1045.769513778008,16.30995116844338,102.1282339681982,29.358374497336083,83.21273680949825
141.05392697780496,54.475191570380574,972.5229862702232,16.62159729118342,313.40131503242196,32.910948605364844,82.9956574156486
148.1312835583864,47.5846947415828,994.1617042102376,13.012274650330294,179.3712552714443,31.25627988038249,95.02494660767339
145.60268941725826,50.73396505992775,968.2221079297798,15.840383085789984,497.82258833717464,30.66175061321208,86.32747084336891
164.46977884353734,58.06110314127712,1086.9425675926666,13.287003525181602,240.09175763094393,26.187144836723153,68.33746753912902
151.96554776511576,54.48419657932766,983.9378616941044,15.195340753496671,242.94280309480658,28.864260770360538,96.94445841059095
160.31844539468634,48.65734676047084,1091.62785217396,12.47100318609007,282.92589370533597,32.696007481017524,78.00066442976437
135.14439626963028,45.544038872923565,1040.7075881059134,11.413787094930846,458.3780015593734,30.113089719371768,61.6928543439096
152.67050265869258,39.24092299335348,1024.1033363667693,14.234365620774062,400.40904992987515,31.978594408767414,89.3109507264073
158.89630795623438,46.4042334037879,1018.436657365876,14.752542107450328,225.56503489892071,35.299535400982904,90.69673058637505
150.82283989275425,48.94434880586153,1019.6898649108126,14.204640612770792,359.349632986398,33.11581820762645,92.11924686962901
160.6548037506535,45.06410236424408,903.6163710327195,12.63193888355488,293.1177493903808,30.279475013099226,81.79065053127192
144.82711549899628,49.34371516453847,986.0558302924621,14.200201875737726,246.18352435062445,28.46703248941282,93.23355805072019
164.0934744018558,50.38425941479384,1042.257898559216,15.538589505161468,96.15788639217526,22.339351211832305,76.67852398727197
172.9889812361925,48.875720090959604,997.5551408262947,14.910213939754925,231.96813172744547,29.494845232581444,55.546922481350414
146.37161439560342,46.7499870958827,929.7405076598212,15.365002061198426,122.90929351128732,29.021962512549454,94.37202237592972
145.54497478599228,50.84327335983364,997.3797774711265,13.659769599091534,457.4210749258273,31.171098583186126,87.87712957453485
164.533844771177,52.209703247847045,1085.2052758127745,17.34343582943232,167.70340674817348,29.538284319075938,73.70994961468135
165.79572145730714,44.54800461278577,1062.344585776736,12.647653326890438,476.1320072666861,29.038844821689615,64.28227505354432
144.77139972846732,57.054661898731354,996.8997995316984,15.975120594173438,266.5276450473556,24.66180320847834,87.61239611478368
145.79813182904144,49.50705933857869,1047.5724638529043,17.363782185919924,315.7721893380802,27.180096512549802,89.43948798916459
147.18215391139492,50.09424811472424,981.6746489815974,15.96181618549779,271.4702222446639,31.429953122401674,94.11947697132369
136.55549488965724,53.541072116282784,914.806420658664,14.59495154587034,64.69030848335045,35.14772289339808,63.92723967807345
140.81348053515802,51.16608065631751,953.7767005935223,13.943405906674041,187.91060950397048,29.70742384876313,79.13823225557624
139.95859233247933,54.76568316956622,1078.1444384254098,17.07217530209251,49.573056138811964,30.983433220722368,77.98071901391
142.3220243489587,51.43562082600912,986.3003459085348,12.154050149476653,311.47702209169086,32.857434470858415,87.79622939340672
149.6531511261322,46.93781312679781,987.830801031249,13.059751479240713,223.43709760021946,27.567318191399252,93.7149576930202
152.3421473253652,51.80751762603051,985.008090186256,14.204884469016557,388.99248578546843,31.100442129856326,96.47358789564673
165.50500492814078,44.28136896339669,1095.2068294786504,17.475307515023996,110.23524049968492,27.778529681003526,64.48258013097002
140.01645959261208,50.542798528882614,1081.297945768103,15.759535272081791,82.28302921466747,32.59447331547303,78.32275617593798
159.84322398476584,49.8338500467777,1110.9390116724067,13.06390848297951,203.1661154818839,30.4542091438552,77.88417773855892
147.86011155774491,48.9594157136373,992.0477394799974,14.379384589230193,463.29269160919057,30.895355441944318,91.69973305804608
149.50536290347566,49.357312442805345,1014.7812244373548,13.77135371180741,355.2109075062059,27.652204207744234,93.0983076532633
156.74819492166603,40.5907547725118,924.1678725289604,13.58042201553293,209.46181239645932,32.121097078832356,82.84254673089276
138.772779784377,47.25637546129519,1073.8467213059137,16.95777911711356,258.63608487715527,36.25413876369305,69.85049085554805
153.8240974618405,50.46422450570557,941.6110224366032,12.25651374147299,42.10650558854917,26.976264913715383,90.77860915943283
151.66452208213056,50.799281959987,1010.8387781881314,18.217561711468747,492.28794818805653,28.98072297705743,91.97770857408325
154.9245126400815,44.861624295370206,945.1348736183578,16.656459380369245,333.20365234745947,30.694822422504277,90.23852823925029
152.89168643907817,56.328539204323505,970.5566586630651,17.181723341207395,142.70203423171125,32.359218635987446,92.50023928161882
174.55300139910895,45.66912575892749,958.136878447515,14.074120975949484,292.90419710762217,28.321361144131593,46.173836032349655
143.62260015748683,54.84728600263368,969.606236966209,14.700118561841782,54.741183034496984,21.50090912957178,81.8222127489711
144.69003044998183,52.13597180935842,973.0438648425511,12.133696370950576,482.9183344037918,34.077568482492076,84.39142675454467
143.76859473575234,46.768863450780984,972.5865602537461,13.950675185866395,87.39249394168297,32.28151835875243,88.00648427963768
144.44522880839745,58.87655446304756,1041.6666955890153,15.987309695286301,324.01515902760707,24.771157408540006,86.88219720497013
143.62612872693484,44.0318158412176,944.756860346874,17.592126123562792,122.72723126946522,28.17729362466133,85.71073271128628
161.89016531107552,54.59577086805001,1011.0270713506933,12.785686366395097,358.7806913242679,34.70454728858198,80.79548388423663
164.20504247989854,55.00291159021489,1060.8979576152778,14.268988126029468,388.4106836201405,34.343389255373594,76.92894509189307
144.29253706250523,46.64689895461677,974.3401817743302,14.697401559534955,336.70986445571634,32.81592006803683,88.67664579760317
141.6764442689577,56.962326500321645,964.10405546262,12.208421595615029,307.24973012759625,29.47166269812041,82.13194752067942
154.71415556386404,48.74976742700524,988.4737687409875,16.182698483516802,446.23454697600584,30.24896225643753,93.44005137048941
144.4777695571903,51.44346814639928,1058.9862604180355,13.552019336514782,39.31335549487902,29.60722258462162,88.52567025954755
156.3293181775551,51.3016091938561,1009.7053815476679,14.609219297645952,165.4573828900976,33.38471934980651,95.87174152551864
152.02923020851298,49.32845629264726,973.4392852696201,14.096101256176244,124.14373981542298,27.37247278051467,95.96933169934661
134.84255885002767,54.05404136579891,1024.193832559402,13.421322988560652,494.00698103271077,27.582601035347388,67.12113680351405
165.47505201330063,53.967443602761065,944.8853925081788,14.985910029038891,194.69488983343675,33.03082376050805,72.96023120712545
167.9587767309552,41.257340133809095,1034.0679755221474,14.568780842863955,366.30634962019934,29.866915633465315,67.99543541791036
143.87211309515612,56.52170121439076,1020.4303653850884,14.256284235442669,342.3625819405023,34.13540206636142,85.98484523165084
146.12298440064015,41.68754005982163,984.6095764430557,13.543076756639314,106.04061873868886,27.985463379058363,90.68051255388951
152.85865390724905,55.16273102170829,958.0707100776384,15.639049341565912,119.49884010577566,29.835664918983525,97.6887392335332
153.34456789987024,55.633525684137915,955.6659538858271,18.30723453698457,140.64228177651705,27.23276104546814,91.15998545068533
156.5854427267283,44.54516784892401,1026.7408668172955,15.279774465678255,205.56363912968962,30.022088044270703,94.75621147652218
170.1020453876635,47.945928560227074,1061.449025124453,16.992236429822256,117.1625328252634,25.564359189003603,53.641239793694666
148.23052772505952,44.47147665757032,968.1346126485603,12.219556149693075,9.825741373423902,28.53709973713511,92.13420631512668
142.01702755461545,48.92539484855632,1022.9193351775742,15.315522878587538,439.69652840359777,25.691238405215646,81.17198637959807
136.20680771985474,48.45982857907129,895.6486490698966,12.805263362057866,482.80491569044204,32.081769699573776,55.113868305073865
142.6906996005808,53.8983026613467,970.7691134671401,12.046150144936197,170.78519351578396,32.14976801927895,85.71428230576271
149.66873027126204,56.55154373059804,998.447053356455,13.521257185081927,169.25343971273642,24.809211808546966,93.86032588412101
167.94557863517787,56.97841905394978,954.5158291509083,17.383798668827147,3.5459063871854934,34.00165723650172,69.35000333245675
144.8238870096383,47.189159867108486,953.1746812605202,16.90003165733929,340.125344165187,37.49224537925956,82.67670656464652
152.23787951638897,48.95389063127736,966.6110221765557,15.486009444108799,412.71994787431436,30.138019160209023,93.16245694269375
149.8357710392725,41.58280903889525,1014.6096364163186,11.934598880220138,73.30415018000159,28.076657219326066,92.63972536806588
161.88393273448085,45.970649667519055,990.6335490796813,14.607438697224126,79.83317468357536,38.47299177300914,81.11859853787219
175.26932425873622,54.82425816548729,888.0884383337514,15.603400017803471,395.0416249857189,26.04309450509247,40.0
144.6913122707968,58.07791411774116,893.9649923682467,15.351072459157196,308.1453741770723,30.060319400607295,79.35744755809509
145.1056055748178,43.82825564060039,969.6567411071412,11.312412833038508,22.430278813858507,30.53886681789577,88.84227580510553
160.44160877069072,47.03767870423553,1022.8843293026777,13.219364303960257,311.2734952311408,34.03544286135725,84.3953785363189
156.81891489626312,49.867971215205365,862.6247578637383,14.871844471702566,154.45886142188303,31.079216925380365,75.77152970080826
168.46707325736034,51.400805794098034,975.0134911924184,16.07258181903438,184.36257773542297,28.504098312634646,68.85412891289114
155.83928185325965,45.95198240039177,973.687607174129,10.607744357800108,384.8657091484401,27.14644688883613,87.40767716417487
146.4070790921294,52.12030522232045,1069.4168889104224,14.675752049040284,405.4675963363053,28.974534539261594,88.34570452022996
155.9065483069231,47.63080326464542,980.7489094143568,15.286097539757904,200.17831341991533,26.97921791716457,96.03539205816269
161.0870358058291,49.927738645608606,1019.1494492370464,16.699223977032425,473.57646800317735,30.14347595935405,85.90085637369157
158.20482181197363,52.7314212400185,1007.0628570043732,16.385715168474874,203.23135897603612,28.30741146041854,93.2796527875621
155.07274031107298,50.03211134905469,893.47167600964,16.16514263761761,385.91801761505496,25.51788662013075,81.80768938949443
160.66674689589155,47.81807054736716,1038.4103608315868,13.400118986596132,241.93863228212953,33.76543736512471,85.12618759740236
161.69295590445674,49.451950980370846,1010.7698252728144,11.183995725753384,448.76616326104204,28.50698242971288,80.89511464003142
163.82158991037528,49.55818520397332,1025.4134319837294,14.213894485877198,453.8806218250893,26.19558958507406,75.65458892933876
156.48709887589644,48.149944850589364,1196.3118853218164,17.00326365041712,43.70840393554193,29.495222596537374,56.38662150262249
148.32881919683146,48.70601968666449,895.7943530250706,17.786909055048863,468.24666565511285,30.205114697902975,82.23655363551472
151.46713686433324,57.99323585252358,1086.2348324880554,16.42109820459557,412.7674207602078,24.7605998232629,81.40735944286926
162.06508966508358,52.8045972397062,985.6276240299823,15.858681645603468,395.6553571563334,30.994943001377287,84.82137761476804
141.83064329012763,48.5225984098542,1014.3664452201505,15.75927929677193,100.45566984276122,26.858527293929207,87.9712675205279
153.686733088729,53.48477202255368,997.7243877349379,13.887762506478438,402.55960437733245,35.133086427572366,93.53512101073473
146.0666118767264,48.33090255121995,978.7881833300978,14.73987941289276,425.0663673425184,31.571881536230205,89.00300223374903
150.28744822934817,55.86562318793321,971.508353588062,18.33813905165266,144.57516722707547,28.80030002967205,95.8870328507955
162.78451862607298,51.84821096099047,1016.4754367786504,13.114883988416247,476.13003918116186,27.76449668904795,84.34492249776967
151.91099068019903,49.46348927997886,924.141315166416,18.2295575814197,24.930073199582125,29.685096877309128,89.52169913133876
150.4643654815615,52.23858462905139,1037.5289583760882,14.355943691015883,74.95462662356984,31.838372224749868,95.46091239659809
136.4014385902008,42.145619239657506,979.1902797557373,17.650864218190158,268.7905690257572,29.9235176142444,69.60371530521721
157.4625356602722,44.36616265545097,943.4965330479821,12.186369981004923,287.89623556115487,29.34852357858943,86.82462441508541
156.45484181141074,44.03037496800472,977.4993571002093,16.171808402329297,322.5750416504517,30.175110872453686,87.13737617876873
171.6325472330546,50.714715473818536,1062.8574608431286,13.526459728104756,8.484564657733229,28.188423206289137,53.85452527692536
146.92221765047,58.66257499742546,973.2332456491888,12.169465616151625,480.18338731106513,28.97038221947089,86.76043134256165
152.1915032766394,61.15650073096316,1017.9226809104811,15.437068084821892,22.294046367071996,23.74262268328499,88.01467624881408
152.49383683710755,53.19025550720379,963.4521862142263,17.018943577191937,71.53097636170119,32.921178692557106,95.18929643211837
165.77453279763475,52.50422237472228,1037.896092496181,13.310117122813008,7.00725876302849,30.896393340965286,78.82020345642083
149.04704467613047,40.9947113292363,1034.27538693951,12.001968079083198,283.4292166470473,27.679632467899708,90.70208067983354
152.79021525770338,47.286631001329894,1092.4304416648206,14.81631047133009,466.1334419604861,35.69620494406571,82.21104827515238
156.0789650971654,46.061081240458805,991.2218027250392,14.825129342445639,332.9735830402321,30.26104944117716,95.84191883883973
151.8660912315636,46.89576200874442,1033.4327402378954,16.096639255108997,411.32873424021363,26.89156928407441,95.57569554884695
145.53566385449471,49.15928090707605,1004.9033769769472,16.899189142728975,6.640601729290041,32.570212264411374,97.04801070808684
151.94089992898307,47.63954711151436,1064.7935890931508,14.881169637455011,271.00764923986304,31.194144649527786,92.95081976876236
160.7363174985977,40.10350094812106,964.0583806195634,18.711006629588525,229.78148875276094,31.18373995645266,76.02035982067562
139.7348470058894,53.73955128058767,1037.2502656438642,15.448469489070584,249.48397211039654,28.72273318604523,81.41720683339437
151.32969674146875,44.636284871300965,990.265135194166,14.3071469879862,36.10659266759397,31.351487171334103,99.2925312816825
142.99879185060826,51.196234320555746,996.7905911445752,11.776865281794343,342.2176805346537,29.214725129336717,86.16190332369546
161.95046628924842,60.370413348749864,1004.5876242224186,14.474680959367664,251.61020742931723,31.667824354937526,86.32725328940032
134.76813095216227,45.403077042067885,1012.6120198213339,14.327226109177728,382.574424930632,24.285166637968082,63.11839443440695
144.41078152728412,37.348562386268355,994.1885478439021,16.92060959256294,242.64531703085768,28.698379611062432,82.69143965399408
153.7721187506452,48.569978890599444,1010.7356591585263,15.924967248133708,74.69081811321604,35.16646529342459,97.86095900262595
165.6552402923434,55.50479817499286,1078.9059028781091,12.641261756734766,324.128477038911,27.6987976337991,69.89581189601898
149.34249738927014,59.79173727110297,1049.2724842807609,15.344508772822074,86.19318105258311,28.18848510752044,86.80180937919918
144.44800473306802,43.85225202773792,1043.457729624845,16.343062343458108,436.19728167740743,28.656115984650075,83.9520309948596
168.8115706944059,52.48349611618261,977.2230236988065,18.056062718775664,306.55811953462074,26.35558159233407,67.24095283085565
135.51986099583755,47.67344771609973,955.5379585885838,16.775007934828118,78.60194177847713,23.375157671315243,62.89014488928651
128.01194043379917,49.470258228479324,1047.7650279118877,16.521693308622957,481.16902874060344,29.30824080442916,40.0
154.40014450053332,63.221716735085174,1043.8023396264898,15.120171989230327,259.18273166766033,30.407578272244972,85.33576747258608
144.9794577564739,42.48514835802423,1073.6335337875491,15.776624010846898,36.4492259358275,29.842484794384042,89.10440929460196
139.78767182869288,51.26869830747287,969.8009687015385,17.499009801412317,313.4164522075336,29.56536431415634,83.13123221055129
157.08356447299354,52.33846585882716,988.5225672319826,12.334445205040701,126.59945350640511,30.129122612551164,92.73799515594632
152.438007137712,55.42893162469674,918.0257918737283,14.301121345566088,401.8467259386512,33.068524414652295,87.51713066832535
144.35921369263272,50.489915767354475,980.3764446969564,13.454862502487519,408.9110367830953,29.42866144221235,87.80351402619922
137.19695601329104,51.540252697520515,1049.8285255289725,15.75830623745225,489.4736779273309,28.27775226873819,71.51304637155962
158.72457328280146,48.041757162891045,976.6752310385901,17.460444351301575,250.93476551225186,29.15662354533574,91.72453936891839
156.5020117795866,51.34563470622554,1032.023989760041,13.806051426557852,227.47843986386857,31.738040279270326,95.70312561013408
149.00824136220618,48.284038622512945,990.4748447001094,10.219391265061123,376.7378027232403,34.23608063562975,89.17656410934437
168.46636996047667,53.107859449280255,1016.2028514110781,14.17555850995106,66.23532817096329,28.115568782492467,77.11859034133849
139.29915233673847,48.15194831978183,942.6154305092166,16.826947464034813,273.4577568965621,30.29680136108665,74.70350651811016
134.74474829075263,51.88550196951093,1004.260472481695,16.07525980589976,273.1238000654255,31.01507232580788,63.68155291015779
143.08091930118755,49.85368593157511,850.4432014549639,15.856372495621152,44.73656140519361,27.022265979813533,67.34515138538943
149.54413983644503,55.63025125386084,990.6551920919007,14.440013396251041,208.9920427534568,30.061251501638754,92.94859918459704
152.43339449322693,49.743031382057566,918.476337814243,12.441938527560428,426.642399283601,25.602978427973714,82.76264681713164
147.5876394214367,41.134837658965594,1060.2997258273408,16.030588643248933,428.07681099733014,24.692849088781806,80.23857398874104
153.52055396514297,56.30960750356996,1038.8703676382256,13.33143637993075,49.6188324598405,31.10023922367677,93.82984981024259
137.48460575809557,45.47133849568691,1023.333549098304,19.368193466760914,45.36044137391543,28.84837577600765,70.5458862996437
164.4376460407326,46.731168306755904,1076.050311357969,16.141014416709034,131.34773850096764,30.606841222863657,77.2614521467155
149.1784882160743,47.02169352978254,952.5541739587582,13.838703394892098,437.38303127699675,29.94631506897495,90.50523599490279
161.1729583158813,56.87219046585409,1087.3681598957778,13.777229505222744,64.45129253674948,27.07079985400861,80.06776020535324
153.42725346377705,39.32162893010652,1046.6095782130192,14.814111586772823,359.99840131372315,29.86423709410699,88.98435191028042
154.56753219153785,65.68874266829997,988.1722356390527,14.520996155956501,50.58280980655161,26.300696084955433,84.96007674625031
155.69767280232205,55.28028404533026,1056.7810073591472,17.23366755105991,311.5689268739127,34.172917074004204,88.10863831001005
154.47708560017315,51.116194570645796,944.6853243794183,15.372832339488093,178.0336495595724,25.932088965420107,93.59460896240972
156.42722759867544,49.72552999691857,958.7742919236164,13.536736522182943,394.4569814829335,29.412644187094255,87.96876078084789
163.29152530132433,51.427770374288286,969.570513838015,18.780881370311565,116.8452244126818,26.873185235858255,76.54006952798962
151.9652116970147,52.60561214189669,973.5511145967993,15.098616663040445,319.6009146949799,31.711263520082387,96.37287409869892
157.09003757588513,53.22607792975028,947.1721178619873,16.537679351937793,117.84126728794247,29.005705886155493,93.60445772085053
149.10264305712772,52.778022330017244,1061.1541533547663,13.783546985110481,356.8301415560769,28.44399984113637,95.28470724893764
164.40117215449473,50.44790340627625,987.0572799815084,15.726231255489047,436.8390172803744,32.55960463515466,79.62549800835083
143.2360769794073,49.01330789846337,1017.625248417844,15.62221998228639,63.40089956338002,30.088291775032655,92.73862802566367
168.00940432910815,49.24363358173244,971.4824316793159,11.220701415807694,433.29784429775174,31.5499333378079,65.58163182701765
149.59842049355657,49.0254585982366,908.9698349725742,19.03055022092128,296.78762720714894,27.056022190447607,84.4526205752501
135.69224897881952,55.66885048433532,1013.5028679195711,17.581288921845093,63.555245433511985,25.78554916821748,71.72368112701608
151.28104414910788,52.96778361140431,904.3872512290111,14.205609367708025,213.77092767985602,30.321623886120403,84.0906535030402
143.18948342525118,35.2980568266786,996.5682976957265,12.795460519088289,80.43014674254894,29.043460933515806,78.85758770155888
158.40643548988723,53.279503882648804,931.5842480583594,15.695123227607104,350.17394443328476,31.879304017361832,91.27485281664357
143.4737602069761,50.97368097359387,1099.3637999615403,15.173395398828793,379.4340672089748,29.76027464201235,79.61509187056674
145.5381656678522,49.90645621777051,1045.568136108736,15.711337897126459,52.89826013639948,30.61522601770389,96.32133547681873
131.10459269054468,48.05740773455557,1005.2876895635741,15.38315479238818,253.06992634732217,25.12985241017627,49.686974378058
145.47693680750922,55.620563599930065,1063.1853338827334,16.012481978611852,407.3125280129586,35.66531081884277,83.13327895448529
125.76120673371044,54.73763231061429,957.6842011267132,17.894611398783614,468.08152077549823,29.507274044903905,40.0
134.16097176514276,46.135611660881956,1027.1739689335047,16.13620641025729,256.758933370885,32.0927609110176,58.55643956347349
157.60414656144297,52.03526143562267,1009.9905216859356,12.900689002180117,475.1396118057035,27.491724989341122,88.10763783644464
157.85800158650832,45.14171632729357,1013.2010040666835,17.725125705424905,267.8444852280149,30.92402970665202,88.2353007303839
154.25457561784964,43.101909176055344,1063.6176750053385,18.281229126976577,197.09524729995397,26.091465709425762,88.31771110835312
140.33023856870787,46.86641387705018,1036.62460513899,21.30411346902417,424.10156427644773,31.35620351477901,73.55697084548092
149.5228864385802,54.311967361913794,1014.4361831412511,12.753011933520805,246.49135522904453,28.932077746842502,95.6888535314399
149.96397460909432,54.76562522688043,917.2556281885852,15.48576402630055,235.9512552822615,30.0875715118067,91.2705653528984
138.41635310807456,52.56542710048647,951.9976852360268,10.835802593622025,245.15624470491414,32.09392209039029,72.43528313608985
165.03398301767152,53.625478934239986,993.8645533202138,16.10629831275842,423.39250093487266,26.30237906633916,79.1871470633009
158.77362290575672,52.58089143557479,1004.6686187138325,13.903599403666455,415.97077084402605,27.94652480816161,90.46082067275816
147.79035826170337,46.79259202388524,943.4898137663038,18.846891589649907,201.7599962201056,31.371972843260295,89.0995586053626
150.2688583899453,52.159612723369705,1120.583833778921,13.450770059962837,166.64992993526252,36.29466442364024,78.45263155243805
152.08382807947552,54.00204762613841,1075.8197027626786,11.621633924065478,245.96401201956465,29.585752996015554,90.40948476924919
129.5826513157571,53.77145664906787,1030.1059160196241,14.057472518594961,286.3862548685545,31.7734083537718,44.2574035081686
147.52822617479404,55.94456685737322,1003.6018430641873,11.049024457565725,119.16860531399848,29.67908559042456,94.39375008985563
143.18015752002202,53.54151923600532,989.3895515049425,16.50219890901462,396.9775423577953,35.8267367842689,81.70501007144792
139.98379990105084,51.757241037707914,952.4040769988882,10.869833907487358,243.24138286621144,24.758334999104235,72.4776450057859
147.18899707114045,55.350751191582134,1003.8740259259431,15.056915162366318,167.0227742099798,30.283863134008072,96.41988528154982
167.97686526849523,49.8673937037547,1012.8876270071376,10.844376360287606,53.41049648199531,25.123367899313816,67.7005578127277
156.4084286126701,45.590626743861414,937.9119712259188,14.359404390926716,119.42258020180347,22.48028528838985,84.89989433283897
144.28821010217203,49.18466518028118,1016.7088208622449,18.286756311609068,474.64058587799184,30.89238615935345,88.40239382723512
155.72582781356158,46.27548677596776,992.2370475587626,15.72129578287159,152.5498434097633,30.418493388442375,94.57391756439694
